city_id,grid_id,zone_name,latitude,longitude,elevation_m,slope_deg,flow_accumulation,drainage_density,distance_to_water_m,distance_to_budameru_m,distance_to_krishna_m,land_cover_class,impervious_surface_ratio,road_density_km_km2,building_density,historical_flood_count,historical_flood_frequency,historical_flooded_area_pct
VJA,VJA_0001,Mangalagiri Foothills,16.45225,80.56235,54.7,3.14,5.0,0.96,4760.2,4760.2,4760.2,Peri-Urban / Open Land,0.3,3.15,0.26,0,0.0,0.0
VJA,VJA_0002,Mangalagiri Foothills,16.45225,80.56705,68.0,7.37,5.0,0.93,4812.7,4812.7,4812.7,Peri-Urban / Open Land,0.44,4.62,0.19,0,0.0,0.0
VJA,VJA_0003,Mangalagiri Foothills,16.45225,80.57175,66.6,5.14,5.0,0.87,4915.9,4915.9,4915.9,Urban Medium Density,0.49,7.6,0.41,0,0.0,0.0
VJA,VJA_0004,Mangalagiri Foothills,16.45225,80.57645,46.0,7.55,5.0,0.79,5066.9,5066.9,5066.9,Urban Medium Density,0.53,5.54,0.43,0,0.0,0.0
VJA,VJA_0005,Mangalagiri Foothills,16.45225,80.58115,72.0,7.8,5.0,0.68,5261.4,5261.4,5261.4,Urban Medium Density,0.54,8.46,0.37,0,0.0,0.0
VJA,VJA_0006,Mangalagiri Foothills,16.45225,80.58585,41.2,7.58,5.0,0.55,5494.9,5494.9,5494.9,Urban Medium Density,0.64,8.23,0.47,0,0.0,0.0
VJA,VJA_0007,Mangalagiri Foothills,16.45225,80.59055,65.5,6.07,5.0,0.4,5762.7,5762.7,5762.7,Urban Medium Density,0.64,5.81,0.42,0,0.0,0.0
VJA,VJA_0008,Mangalagiri Foothills,16.45225,80.59525,76.4,5.55,5.0,0.3,6060.1,6060.1,6060.1,Urban Medium Density,0.48,5.06,0.52,0,0.0,0.0
VJA,VJA_0009,Mangalagiri Foothills,16.45225,80.59995,78.1,3.76,5.0,0.3,6111.7,6111.7,6111.7,Urban Medium Density,0.58,6.16,0.49,0,0.0,0.0
VJA,VJA_0010,Tadepalle (Amaravati),16.45225,80.60465,17.8,1.41,33.1,0.3,6088.0,6088.0,6088.0,Urban Medium Density,0.45,6.98,0.59,1,0.1,42.3
VJA,VJA_0011,Tadepalle (Amaravati),16.45225,80.60935,16.3,2.33,39.1,0.3,5974.4,5974.4,5974.4,Urban Medium Density,0.67,7.87,0.52,2,0.2,39.2
VJA,VJA_0012,Tadepalle (Amaravati),16.45225,80.61405,19.1,2.36,27.9,0.32,5899.7,5899.7,5899.7,Urban Medium Density,0.69,6.47,0.51,2,0.2,47.4
VJA,VJA_0013,Tadepalle (Amaravati),16.45225,80.61875,16.0,2.16,40.3,0.34,5867.0,5867.0,5867.0,Urban Medium Density,0.62,8.02,0.46,1,0.1,36.6
VJA,VJA_0014,Tadepalle (Amaravati),16.45225,80.62345,16.9,0.75,36.7,0.33,5877.1,5877.1,5877.1,Urban Medium Density,0.69,6.57,0.6,2,0.2,34.7
VJA,VJA_0015,Tadepalle (Amaravati),16.45225,80.62815,17.3,3.35,35.1,0.31,5929.6,5929.6,5929.6,Urban Medium Density,0.51,7.08,0.4,2,0.2,33.1
VJA,VJA_0016,Tadepalle (Amaravati),16.45225,80.63285,18.8,2.84,29.1,0.3,6023.4,6023.4,6023.4,Urban Medium Density,0.64,7.8,0.5,2,0.2,47.0
VJA,VJA_0017,Tadepalle (Amaravati),16.45225,80.63755,18.8,3.15,29.1,0.3,6156.8,6156.8,6156.8,Urban Medium Density,0.68,8.58,0.4,2,0.2,39.6
VJA,VJA_0018,Tadepalle (Amaravati),16.45225,80.64225,17.8,0.91,33.1,0.36,5834.6,5834.6,5834.6,Urban Medium Density,0.69,7.95,0.59,1,0.1,37.8
VJA,VJA_0019,Patamata / Benz Circle,16.45225,80.64695,24.9,7.24,5.0,0.57,5452.0,5452.0,5452.0,Urban Medium Density,0.7,7.62,0.49,0,0.0,0.0
VJA,VJA_0020,Patamata / Benz Circle,16.45225,80.65165,23.4,6.39,10.7,0.77,5090.0,5090.0,5090.0,Urban Medium Density,0.51,6.13,0.53,0,0.0,0.0
VJA,VJA_0021,Patamata / Benz Circle,16.45225,80.65635,22.4,3.74,14.8,0.96,4753.4,4753.4,4753.4,Urban Medium Density,0.69,8.4,0.35,0,0.0,0.0
VJA,VJA_0022,Patamata / Benz Circle,16.45225,80.66105,23.4,3.75,10.8,1.13,4447.9,4447.9,4447.9,Urban Medium Density,0.65,6.3,0.56,0,0.0,0.0
VJA,VJA_0023,Patamata / Benz Circle,16.45225,80.66575,23.6,5.42,10.0,1.28,4180.3,4180.3,4180.3,Urban Medium Density,0.66,7.48,0.58,0,0.0,0.0
VJA,VJA_0024,Patamata / Benz Circle,16.45225,80.67045,20.5,4.89,22.4,1.4,3958.4,3958.4,3958.4,Urban Medium Density,0.69,5.74,0.59,0,0.0,0.0
VJA,VJA_0025,Patamata / Benz Circle,16.45225,80.67515,20.7,5.34,21.7,1.56,3663.5,3663.5,3663.5,Urban Medium Density,0.63,7.0,0.53,0,0.0,0.0
VJA,VJA_0026,Patamata / Benz Circle,16.45225,80.67985,25.2,8.6,5.0,1.76,3319.1,3319.1,3319.1,Urban Medium Density,0.46,7.37,0.49,0,0.0,0.0
VJA,VJA_0027,Patamata / Benz Circle,16.45225,80.68455,24.2,5.92,7.8,1.92,3018.9,3018.9,3018.9,Urban Medium Density,0.57,5.92,0.57,0,0.0,0.0
VJA,VJA_0028,Patamata / Benz Circle,16.45225,80.68925,24.3,5.27,7.4,2.06,2777.3,2777.3,2777.3,Peri-Urban / Open Land,0.28,3.34,0.34,0,0.0,0.0
VJA,VJA_0029,Patamata / Benz Circle,16.45225,80.69395,24.7,7.65,5.9,2.15,2610.7,2610.7,2610.7,Peri-Urban / Open Land,0.31,4.19,0.27,0,0.0,0.0
VJA,VJA_0030,Patamata / Benz Circle,16.45225,80.69865,23.3,5.17,11.5,2.19,2533.8,2533.8,2533.8,Peri-Urban / Open Land,0.37,2.64,0.3,0,0.0,0.0
VJA,VJA_0031,Mangalagiri Foothills,16.45675,80.56235,62.0,4.03,5.0,1.23,4260.6,4260.6,4260.6,Peri-Urban / Open Land,0.22,3.35,0.32,0,0.0,0.0
VJA,VJA_0032,Mangalagiri Foothills,16.45675,80.56705,77.9,6.15,5.0,1.2,4319.1,4319.1,4319.1,Urban Medium Density,0.68,5.82,0.52,0,0.0,0.0
VJA,VJA_0033,Mangalagiri Foothills,16.45675,80.57175,83.6,6.46,5.0,1.14,4433.9,4433.9,4433.9,Urban Medium Density,0.52,6.39,0.39,0,0.0,0.0
VJA,VJA_0034,Mangalagiri Foothills,16.45675,80.57645,41.0,7.93,5.0,1.04,4600.7,4600.7,4600.7,Urban Medium Density,0.57,5.27,0.54,0,0.0,0.0
VJA,VJA_0035,Mangalagiri Foothills,16.45675,80.58115,73.8,4.95,5.0,0.93,4814.1,4814.1,4814.1,Urban Medium Density,0.54,7.73,0.59,0,0.0,0.0
VJA,VJA_0036,Mangalagiri Foothills,16.45675,80.58585,78.3,4.37,5.0,0.78,5068.3,5068.3,5068.3,Urban Medium Density,0.58,8.99,0.42,0,0.0,0.0
VJA,VJA_0037,Mangalagiri Foothills,16.45675,80.59055,52.3,8.52,5.0,0.62,5357.4,5357.4,5357.4,Urban Medium Density,0.5,7.66,0.41,0,0.0,0.0
VJA,VJA_0038,Mangalagiri Foothills,16.45675,80.59525,72.5,8.75,5.0,0.45,5676.0,5676.0,5676.0,Urban Medium Density,0.46,7.86,0.4,0,0.0,0.0
VJA,VJA_0039,Tadepalle (Amaravati),16.45675,80.59995,19.1,1.55,27.9,0.48,5613.4,5613.4,5613.4,Urban Medium Density,0.54,7.09,0.51,2,0.2,45.0
VJA,VJA_0040,Tadepalle (Amaravati),16.45675,80.60465,19.4,0.53,26.7,0.5,5587.7,5587.7,5587.7,Urban Medium Density,0.7,5.49,0.57,1,0.1,36.2
VJA,VJA_0041,Tadepalle (Amaravati),16.45675,80.60935,18.9,2.69,28.7,0.55,5484.0,5484.0,5484.0,Urban Medium Density,0.59,5.01,0.55,1,0.1,39.1
VJA,VJA_0042,Tadepalle (Amaravati),16.45675,80.61405,16.4,2.77,38.7,0.6,5402.5,5402.5,5402.5,Urban Medium Density,0.55,7.16,0.5,2,0.2,34.9
VJA,VJA_0043,Tadepalle (Amaravati),16.45675,80.61875,17.8,1.93,33.1,0.62,5366.8,5366.8,5366.8,Urban Medium Density,0.67,8.87,0.5,1,0.1,59.7
VJA,VJA_0044,Tadepalle (Amaravati),16.45675,80.62345,19.9,0.41,24.7,0.61,5377.8,5377.8,5377.8,Urban Medium Density,0.53,8.18,0.4,2,0.2,37.7
VJA,VJA_0045,Tadepalle (Amaravati),16.45675,80.62815,17.7,2.86,33.5,0.58,5435.1,5435.1,5435.1,Urban Medium Density,0.58,8.11,0.58,1,0.1,48.0
VJA,VJA_0046,Tadepalle (Amaravati),16.45675,80.63285,17.6,1.69,33.9,0.52,5537.3,5537.3,5537.3,Urban Medium Density,0.69,7.39,0.42,1,0.1,37.1
VJA,VJA_0047,Tadepalle (Amaravati),16.45675,80.63755,17.9,1.3,32.7,0.44,5682.1,5682.1,5682.1,Urban Medium Density,0.55,5.0,0.56,2,0.2,45.0
VJA,VJA_0048,Tadepalle (Amaravati),16.45675,80.64225,18.5,2.6,30.3,0.52,5536.0,5536.0,5536.0,Urban Medium Density,0.65,5.6,0.58,2,0.2,30.8
VJA,VJA_0049,Patamata / Benz Circle,16.45675,80.64695,21.9,5.88,16.7,0.75,5131.2,5131.2,5131.2,Urban Medium Density,0.66,8.51,0.49,0,0.0,0.0
VJA,VJA_0050,Patamata / Benz Circle,16.45675,80.65165,21.8,8.29,17.2,0.96,4744.9,4744.9,4744.9,Urban Medium Density,0.56,8.42,0.57,0,0.0,0.0
VJA,VJA_0051,Patamata / Benz Circle,16.45675,80.65635,24.7,4.25,5.6,1.17,4381.8,4381.8,4381.8,Urban Medium Density,0.49,7.57,0.54,0,0.0,0.0
VJA,VJA_0052,Patamata / Benz Circle,16.45675,80.66105,22.8,7.2,13.2,1.35,4048.4,4048.4,4048.4,Urban Medium Density,0.48,6.63,0.37,0,0.0,0.0
VJA,VJA_0053,Patamata / Benz Circle,16.45675,80.66575,24.6,2.74,6.1,1.52,3752.5,3752.5,3752.5,Urban Medium Density,0.46,6.91,0.54,0,0.0,0.0
VJA,VJA_0054,Patamata / Benz Circle,16.45675,80.67045,20.0,8.3,24.5,1.65,3503.5,3503.5,3503.5,Urban Medium Density,0.48,5.83,0.59,0,0.0,0.0
VJA,VJA_0055,Patamata / Benz Circle,16.45675,80.67515,22.0,4.78,16.5,1.76,3312.2,3312.2,3312.2,Urban Medium Density,0.59,8.63,0.39,0,0.0,0.0
VJA,VJA_0056,Patamata / Benz Circle,16.45675,80.67985,21.9,7.52,17.0,1.96,2955.5,2955.5,2955.5,Urban Medium Density,0.48,5.38,0.41,0,0.0,0.0
VJA,VJA_0057,Patamata / Benz Circle,16.45675,80.68455,20.5,6.59,22.7,2.15,2613.9,2613.9,2613.9,Urban Medium Density,0.67,7.79,0.57,0,0.0,0.0
VJA,VJA_0058,Patamata / Benz Circle,16.45675,80.68925,25.2,4.15,5.0,2.31,2330.7,2330.7,2330.7,Urban Medium Density,0.53,5.51,0.53,0,0.0,0.0
VJA,VJA_0059,Patamata / Benz Circle,16.45675,80.69395,22.0,8.62,16.8,2.42,2129.4,2129.4,2129.4,Peri-Urban / Open Land,0.32,3.18,0.16,0,0.0,0.0
VJA,VJA_0060,Patamata / Benz Circle,16.45675,80.69865,23.9,8.14,9.2,2.47,2034.4,2034.4,2034.4,Peri-Urban / Open Land,0.21,3.29,0.2,0,0.0,0.0
VJA,VJA_0061,Mangalagiri Foothills,16.46125,80.56235,76.3,5.96,5.0,1.51,3761.2,3761.2,3761.2,Urban Medium Density,0.58,8.4,0.52,0,0.0,0.0
VJA,VJA_0062,Mangalagiri Foothills,16.46125,80.56705,65.2,5.08,5.0,1.47,3827.4,3827.4,3827.4,Urban Medium Density,0.7,5.05,0.58,0,0.0,0.0
VJA,VJA_0063,Mangalagiri Foothills,16.46125,80.57175,54.1,4.92,5.0,1.4,3956.4,3956.4,3956.4,Urban Medium Density,0.63,7.56,0.48,0,0.0,0.0
VJA,VJA_0064,Mangalagiri Foothills,16.46125,80.57645,59.1,4.69,5.0,1.3,4142.5,4142.5,4142.5,Urban Medium Density,0.59,7.73,0.37,0,0.0,0.0
VJA,VJA_0065,Mangalagiri Foothills,16.46125,80.58115,56.7,8.42,5.0,1.17,4378.3,4378.3,4378.3,Urban Medium Density,0.49,8.37,0.57,0,0.0,0.0
VJA,VJA_0066,Mangalagiri Foothills,16.46125,80.58585,54.0,3.78,5.0,1.01,4656.3,4656.3,4656.3,Urban Medium Density,0.54,5.76,0.5,0,0.0,0.0
VJA,VJA_0067,Mangalagiri Foothills,16.46125,80.59055,43.7,5.47,5.0,0.84,4969.4,4969.4,4969.4,Urban Medium Density,0.49,6.47,0.53,0,0.0,0.0
VJA,VJA_0068,Mangalagiri Foothills,16.46125,80.59525,40.8,5.33,5.0,0.72,5192.3,5192.3,5192.3,Urban Medium Density,0.67,7.76,0.43,0,0.0,0.0
VJA,VJA_0069,Tadepalle (Amaravati),16.46125,80.59995,20.0,2.4,24.3,0.76,5115.6,5115.6,5115.6,Urban Medium Density,0.6,7.72,0.54,1,0.1,34.6
VJA,VJA_0070,Tadepalle (Amaravati),16.46125,80.60465,20.5,2.27,22.3,0.77,5087.3,5087.3,5087.3,Urban Medium Density,0.54,8.6,0.53,2,0.2,32.0
VJA,VJA_0071,Tadepalle (Amaravati),16.46125,80.60935,18.2,0.81,31.6,0.82,4995.6,4995.6,4995.6,Urban Medium Density,0.66,8.69,0.4,1,0.1,59.6
VJA,VJA_0072,Tadepalle (Amaravati),16.46125,80.61405,16.5,1.61,38.4,0.87,4906.0,4906.0,4906.0,Urban Medium Density,0.48,7.92,0.46,2,0.2,36.0
VJA,VJA_0073,Tadepalle (Amaravati),16.46125,80.61875,18.3,3.3,31.2,0.9,4866.6,4866.6,4866.6,Urban Medium Density,0.52,8.18,0.55,1,0.1,54.0
VJA,VJA_0074,Tadepalle (Amaravati),16.46125,80.62345,16.5,3.27,38.4,0.89,4878.7,4878.7,4878.7,Urban Medium Density,0.54,6.77,0.54,1,0.1,59.7
VJA,VJA_0075,Tadepalle (Amaravati),16.46125,80.62815,20.0,2.49,24.4,0.85,4941.8,4941.8,4941.8,Urban Medium Density,0.47,5.97,0.36,1,0.1,48.2
VJA,VJA_0076,Tadepalle (Amaravati),16.46125,80.63285,20.6,2.28,21.9,0.79,5054.0,5054.0,5054.0,Urban Medium Density,0.49,7.54,0.47,2,0.2,39.8
VJA,VJA_0077,Tadepalle (Amaravati),16.46125,80.63755,19.2,0.53,27.5,0.7,5212.3,5212.3,5212.3,Urban Medium Density,0.54,9.0,0.5,1,0.1,56.9
VJA,VJA_0078,Patamata / Benz Circle,16.46125,80.64225,20.4,4.13,22.7,0.67,5268.2,5268.2,5268.2,Urban Medium Density,0.46,5.38,0.6,0,0.0,0.0
VJA,VJA_0079,Patamata / Benz Circle,16.46125,80.64695,21.4,7.53,18.8,0.91,4841.1,4841.1,4841.1,Urban Medium Density,0.56,8.88,0.37,0,0.0,0.0
VJA,VJA_0080,Patamata / Benz Circle,16.46125,80.65165,20.7,5.5,21.6,1.14,4429.5,4429.5,4429.5,Urban Medium Density,0.7,7.96,0.49,0,0.0,0.0
VJA,VJA_0081,Patamata / Benz Circle,16.46125,80.65635,24.1,6.08,8.0,1.36,4038.2,4038.2,4038.2,Urban Medium Density,0.56,7.42,0.37,0,0.0,0.0
VJA,VJA_0082,Patamata / Benz Circle,16.46125,80.66105,25.0,2.9,5.0,1.56,3673.7,3673.7,3673.7,Urban Medium Density,0.52,5.18,0.38,0,0.0,0.0
VJA,VJA_0083,Patamata / Benz Circle,16.46125,80.66575,25.4,4.7,5.0,1.74,3344.8,3344.8,3344.8,Urban Medium Density,0.66,7.66,0.39,0,0.0,0.0
VJA,VJA_0084,Patamata / Benz Circle,16.46125,80.67045,21.4,4.26,19.0,1.9,3062.9,3062.9,3062.9,Urban Medium Density,0.61,7.45,0.5,0,0.0,0.0
VJA,VJA_0085,Patamata / Benz Circle,16.46125,80.67515,25.8,8.78,5.0,2.02,2842.1,2842.1,2842.1,Urban Medium Density,0.63,6.02,0.41,0,0.0,0.0
VJA,VJA_0086,Patamata / Benz Circle,16.46125,80.67985,24.9,7.56,5.1,2.13,2637.1,2637.1,2637.1,Urban Medium Density,0.5,6.84,0.44,0,0.0,0.0
VJA,VJA_0087,Patamata / Benz Circle,16.46125,80.68455,22.8,6.28,13.6,2.35,2247.6,2247.6,2247.6,Urban Medium Density,0.57,7.78,0.55,0,0.0,0.0
VJA,VJA_0088,Patamata / Benz Circle,16.46125,80.68925,24.2,2.92,8.1,2.54,1910.9,1910.9,1910.9,Urban Medium Density,0.56,8.24,0.39,0,0.0,0.0
VJA,VJA_0089,Patamata / Benz Circle,16.46125,80.69395,23.4,4.33,11.4,2.68,1659.5,1659.5,1659.5,Peri-Urban / Open Land,0.27,3.75,0.16,0,0.0,0.0
VJA,VJA_0090,Patamata / Benz Circle,16.46125,80.69865,20.9,8.65,21.5,2.75,1535.7,1535.7,1535.7,Peri-Urban / Open Land,0.32,4.89,0.26,0,0.0,0.0
VJA,VJA_0091,Mangalagiri Foothills,16.46575,80.56235,69.7,8.95,5.0,1.79,3262.1,3262.1,3262.1,Urban Medium Density,0.54,5.23,0.47,0,0.0,0.0
VJA,VJA_0092,Mangalagiri Foothills,16.46575,80.56705,44.5,4.59,5.0,1.75,3338.2,3338.2,3338.2,Urban Medium Density,0.6,8.3,0.36,0,0.0,0.0
VJA,VJA_0093,Mangalagiri Foothills,16.46575,80.57175,76.1,8.99,5.0,1.66,3485.4,3485.4,3485.4,Urban Medium Density,0.66,8.81,0.44,0,0.0,0.0
VJA,VJA_0094,Mangalagiri Foothills,16.46575,80.57645,49.8,4.98,5.0,1.55,3695.3,3695.3,3695.3,Urban Medium Density,0.47,8.63,0.49,0,0.0,0.0
VJA,VJA_0095,Mangalagiri Foothills,16.46575,80.58115,67.2,7.83,5.0,1.4,3957.8,3957.8,3957.8,Urban Medium Density,0.5,8.74,0.48,0,0.0,0.0
VJA,VJA_0096,Mangalagiri Foothills,16.46575,80.58585,74.4,4.85,5.0,1.23,4263.3,4263.3,4263.3,Urban Medium Density,0.57,6.65,0.5,0,0.0,0.0
VJA,VJA_0097,Mangalagiri Foothills,16.46575,80.59055,45.2,5.18,5.0,1.04,4603.2,4603.2,4603.2,Urban Medium Density,0.54,5.99,0.51,0,0.0,0.0
VJA,VJA_0098,Tadepalle (Amaravati),16.46575,80.59525,20.8,2.87,21.2,0.99,4703.1,4703.1,4703.1,Urban Medium Density,0.69,6.8,0.45,1,0.1,36.2
VJA,VJA_0099,Tadepalle (Amaravati),16.46575,80.59995,20.0,1.3,24.4,1.03,4618.3,4618.3,4618.3,Urban Medium Density,0.63,6.34,0.36,1,0.1,42.1
VJA,VJA_0100,Tadepalle (Amaravati),16.46575,80.60465,18.6,2.92,30.0,1.05,4586.9,4586.9,4586.9,Urban Medium Density,0.59,5.79,0.44,1,0.1,36.5
VJA,VJA_0101,Tadepalle (Amaravati),16.46575,80.60935,16.3,1.48,39.2,1.09,4509.7,4509.7,4509.7,Urban Medium Density,0.59,6.64,0.53,2,0.2,54.1
VJA,VJA_0102,Tadepalle (Amaravati),16.46575,80.61405,19.9,2.06,24.8,1.15,4410.3,4410.3,4410.3,Urban Medium Density,0.5,8.4,0.43,1,0.1,46.1
VJA,VJA_0103,Tadepalle (Amaravati),16.46575,80.61875,17.1,1.97,36.0,1.17,4366.4,4366.4,4366.4,Urban Medium Density,0.64,8.98,0.43,2,0.2,57.3
VJA,VJA_0104,Tadepalle (Amaravati),16.46575,80.62345,17.9,1.42,32.8,1.17,4379.9,4379.9,4379.9,Urban Medium Density,0.69,5.89,0.41,1,0.1,30.1
VJA,VJA_0105,Tadepalle (Amaravati),16.46575,80.62815,18.3,0.52,31.2,1.13,4450.1,4450.1,4450.1,Urban Medium Density,0.5,7.45,0.38,1,0.1,33.4
VJA,VJA_0106,Tadepalle (Amaravati),16.46575,80.63285,19.7,2.27,25.6,1.06,4574.4,4574.4,4574.4,Urban Medium Density,0.68,7.82,0.51,1,0.1,30.3
VJA,VJA_0107,Tadepalle (Amaravati),16.46575,80.63755,16.5,3.04,38.4,0.96,4748.6,4748.6,4748.6,Urban Medium Density,0.59,6.33,0.35,2,0.2,58.5
VJA,VJA_0108,Patamata / Benz Circle,16.46575,80.64225,24.9,6.77,5.0,0.84,4967.5,4967.5,4967.5,Urban Medium Density,0.67,5.63,0.54,0,0.0,0.0
VJA,VJA_0109,Patamata / Benz Circle,16.46575,80.64695,25.5,8.2,5.0,1.05,4587.3,4587.3,4587.3,Urban Medium Density,0.57,6.45,0.5,0,0.0,0.0
VJA,VJA_0110,Patamata / Benz Circle,16.46575,80.65165,23.0,4.54,12.4,1.29,4150.6,4150.6,4150.6,Urban Medium Density,0.47,8.98,0.51,0,0.0,0.0
VJA,VJA_0111,Patamata / Benz Circle,16.46575,80.65635,23.9,7.52,8.9,1.53,3730.2,3730.2,3730.2,Urban Medium Density,0.58,5.84,0.45,0,0.0,0.0
VJA,VJA_0112,Patamata / Benz Circle,16.46575,80.66105,20.5,2.54,22.5,1.75,3332.2,3332.2,3332.2,Urban Medium Density,0.54,6.44,0.41,0,0.0,0.0
VJA,VJA_0113,Patamata / Benz Circle,16.46575,80.66575,25.1,3.12,5.0,1.95,2965.6,2965.6,2965.6,Urban Medium Density,0.64,6.52,0.57,0,0.0,0.0
VJA,VJA_0114,Patamata / Benz Circle,16.46575,80.67045,22.5,5.77,14.7,2.13,2643.6,2643.6,2643.6,Urban Medium Density,0.7,7.8,0.41,0,0.0,0.0
VJA,VJA_0115,Patamata / Benz Circle,16.46575,80.67515,23.9,2.56,9.1,2.28,2384.3,2384.3,2384.3,Urban Medium Density,0.51,5.91,0.38,0,0.0,0.0
VJA,VJA_0116,Patamata / Benz Circle,16.46575,80.67985,24.3,3.63,7.6,2.37,2209.8,2209.8,2209.8,Urban Medium Density,0.61,7.83,0.44,0,0.0,0.0
VJA,VJA_0117,Patamata / Benz Circle,16.46575,80.68455,21.2,3.46,20.1,2.52,1942.2,1942.2,1942.2,Urban Medium Density,0.56,6.84,0.51,0,0.0,0.0
VJA,VJA_0118,Patamata / Benz Circle,16.46575,80.68925,22.7,8.78,14.3,2.74,1540.1,1540.1,1540.1,Urban Medium Density,0.53,7.93,0.39,0,0.0,0.0
VJA,VJA_0119,Patamata / Benz Circle,16.46575,80.69395,22.5,3.58,15.4,2.93,1214.1,1214.1,1214.1,Urban Medium Density,0.61,6.6,0.54,0,0.0,0.0
VJA,VJA_0120,Patamata / Benz Circle,16.46575,80.69865,24.4,6.03,8.0,3.02,1038.6,1038.6,1038.6,Peri-Urban / Open Land,0.26,3.54,0.17,0,0.0,0.0
VJA,VJA_0121,Mangalagiri Foothills,16.47025,80.56235,62.1,4.08,5.0,2.06,2763.5,2763.5,2763.5,Urban Medium Density,0.49,8.48,0.4,0,0.0,0.0
VJA,VJA_0122,Mangalagiri Foothills,16.47025,80.56705,61.1,7.27,5.0,2.02,2852.9,2852.9,2852.9,Urban Medium Density,0.5,7.48,0.41,0,0.0,0.0
VJA,VJA_0123,Mangalagiri Foothills,16.47025,80.57175,76.7,7.85,5.0,1.92,3023.8,3023.8,3023.8,Urban Medium Density,0.66,7.01,0.57,0,0.0,0.0
VJA,VJA_0124,Mangalagiri Foothills,16.47025,80.57645,71.9,4.08,5.0,1.79,3263.5,3263.5,3263.5,Urban Medium Density,0.64,8.56,0.59,0,0.0,0.0
VJA,VJA_0125,Mangalagiri Foothills,16.47025,80.58115,57.7,7.68,5.0,1.62,3558.0,3558.0,3558.0,Urban Medium Density,0.54,8.6,0.45,0,0.0,0.0
VJA,VJA_0126,Mangalagiri Foothills,16.47025,80.58585,72.1,4.86,5.0,1.44,3895.0,3895.0,3895.0,Urban Medium Density,0.51,6.52,0.39,0,0.0,0.0
VJA,VJA_0127,Tadepalle (Amaravati),16.47025,80.59055,19.4,2.38,26.8,1.23,4264.3,4264.3,4264.3,Urban Medium Density,0.45,8.21,0.38,1,0.1,36.2
VJA,VJA_0128,Tadepalle (Amaravati),16.47025,80.59525,19.8,2.73,25.2,1.26,4216.6,4216.6,4216.6,Urban Medium Density,0.57,5.04,0.43,1,0.1,41.5
VJA,VJA_0129,Tadepalle (Amaravati),16.47025,80.59995,20.2,2.32,23.6,1.31,4121.7,4121.7,4121.7,Urban Medium Density,0.47,7.32,0.46,2,0.2,35.4
VJA,VJA_0130,Tadepalle (Amaravati),16.47025,80.60465,17.2,2.96,35.6,1.33,4086.6,4086.6,4086.6,Urban Medium Density,0.64,7.68,0.38,1,0.1,59.3
VJA,VJA_0131,Tadepalle (Amaravati),16.47025,80.60935,21.0,2.88,20.4,1.36,4027.4,4027.4,4027.4,Urban Medium Density,0.54,5.59,0.57,2,0.2,55.1
VJA,VJA_0132,Tadepalle (Amaravati),16.47025,80.61405,18.0,2.4,32.4,1.42,3915.8,3915.8,3915.8,Urban Medium Density,0.56,6.62,0.48,1,0.1,35.0
VJA,VJA_0133,Tadepalle (Amaravati),16.47025,80.61875,17.2,3.46,35.7,1.45,3866.3,3866.3,3866.3,Urban Medium Density,0.61,8.54,0.4,1,0.1,58.6
VJA,VJA_0134,Tadepalle (Amaravati),16.47025,80.62345,20.0,1.32,24.5,1.44,3881.5,3881.5,3881.5,Urban Medium Density,0.6,8.36,0.39,1,0.1,41.4
VJA,VJA_0135,Tadepalle (Amaravati),16.47025,80.62815,17.9,1.65,32.8,1.4,3960.5,3960.5,3960.5,Urban Medium Density,0.54,6.78,0.42,1,0.1,35.0
VJA,VJA_0136,Tadepalle (Amaravati),16.47025,80.63285,19.3,0.77,27.2,1.32,4099.7,4099.7,4099.7,Urban Medium Density,0.57,7.57,0.36,2,0.2,46.1
VJA,VJA_0137,Krishnalanka (Riverfront),16.47025,80.63755,15.0,0.85,44.4,1.21,4293.3,4293.3,4293.3,Urban Medium Density,0.59,5.21,0.4,1,0.1,55.3
VJA,VJA_0138,Patamata / Benz Circle,16.47025,80.64225,23.7,4.46,9.6,1.08,4534.2,4534.2,4534.2,Urban Medium Density,0.51,5.39,0.58,0,0.0,0.0
VJA,VJA_0139,Patamata / Benz Circle,16.47025,80.64695,20.6,8.91,22.0,1.17,4376.2,4376.2,4376.2,Urban Medium Density,0.45,8.52,0.56,0,0.0,0.0
VJA,VJA_0140,Patamata / Benz Circle,16.47025,80.65165,22.9,5.23,12.8,1.42,3916.1,3916.1,3916.1,Urban Medium Density,0.57,8.31,0.59,0,0.0,0.0
VJA,VJA_0141,Patamata / Benz Circle,16.47025,80.65635,22.9,7.92,12.9,1.67,3467.3,3467.3,3467.3,Urban Medium Density,0.54,7.46,0.56,0,0.0,0.0
VJA,VJA_0142,Patamata / Benz Circle,16.47025,80.66105,21.2,7.0,19.8,1.91,3035.1,3035.1,3035.1,Urban Medium Density,0.58,5.71,0.57,0,0.0,0.0
VJA,VJA_0143,Patamata / Benz Circle,16.47025,80.66575,22.7,6.86,13.9,2.14,2627.4,2627.4,2627.4,Urban Medium Density,0.49,7.01,0.49,0,0.0,0.0
VJA,VJA_0144,Patamata / Benz Circle,16.47025,80.67045,25.3,8.6,5.0,2.35,2257.6,2257.6,2257.6,Urban Medium Density,0.49,5.02,0.46,0,0.0,0.0
VJA,VJA_0145,Patamata / Benz Circle,16.47025,80.67515,23.0,6.67,12.9,2.52,1947.6,1947.6,1947.6,Urban Medium Density,0.67,5.78,0.5,0,0.0,0.0
VJA,VJA_0146,Patamata / Benz Circle,16.47025,80.67985,25.3,6.56,5.0,2.64,1729.6,1729.6,1729.6,Urban Medium Density,0.53,8.58,0.42,0,0.0,0.0
VJA,VJA_0147,Patamata / Benz Circle,16.47025,80.68455,23.7,4.34,10.2,2.69,1640.8,1640.8,1640.8,Urban Medium Density,0.57,7.52,0.4,0,0.0,0.0
VJA,VJA_0148,Patamata / Benz Circle,16.47025,80.68925,23.9,8.45,9.7,2.9,1262.1,1262.1,1262.1,Urban Medium Density,0.6,7.64,0.57,0,0.0,0.0
VJA,VJA_0149,Patamata / Benz Circle,16.47025,80.69395,23.0,8.51,13.9,3.14,833.8,833.8,833.8,Urban Medium Density,0.59,8.96,0.54,0,0.0,0.0
VJA,VJA_0150,Patamata / Benz Circle,16.47025,80.69865,24.2,7.92,10.0,3.3,547.4,547.4,547.4,Urban Medium Density,0.53,6.05,0.58,0,0.0,0.0
VJA,VJA_0151,Mangalagiri Foothills,16.47475,80.56235,65.9,8.2,5.0,2.34,2265.6,2265.6,2265.6,Urban Medium Density,0.49,7.29,0.59,0,0.0,0.0
VJA,VJA_0152,Mangalagiri Foothills,16.47475,80.56705,70.4,4.61,5.0,2.28,2373.9,2373.9,2373.9,Urban Medium Density,0.54,7.27,0.52,0,0.0,0.0
VJA,VJA_0153,Mangalagiri Foothills,16.47475,80.57175,46.3,6.3,5.0,2.17,2576.8,2576.8,2576.8,Urban Medium Density,0.46,8.75,0.59,0,0.0,0.0
VJA,VJA_0154,Undavalli (Floodplain),16.47475,80.57645,15.8,2.85,41.4,2.01,2854.2,2854.2,2854.2,Urban Medium Density,0.48,8.11,0.41,2,0.2,56.4
VJA,VJA_0155,Undavalli (Floodplain),16.47475,80.58115,16.3,3.03,39.3,1.83,3186.8,3186.8,3186.8,Urban Medium Density,0.61,6.45,0.43,1,0.1,40.0
VJA,VJA_0156,Undavalli (Floodplain),16.47475,80.58585,17.2,2.19,35.7,1.62,3559.1,3559.1,3559.1,Urban Medium Density,0.66,8.57,0.39,1,0.1,47.8
VJA,VJA_0157,Tadepalle (Amaravati),16.47475,80.59055,18.5,1.8,30.4,1.43,3903.0,3903.0,3903.0,Urban Medium Density,0.5,6.38,0.41,2,0.2,45.8
VJA,VJA_0158,Tadepalle (Amaravati),16.47475,80.59525,18.7,0.68,29.7,1.53,3733.7,3733.7,3733.7,Urban Medium Density,0.69,6.85,0.59,2,0.2,44.5
VJA,VJA_0159,Tadepalle (Amaravati),16.47475,80.59995,16.6,2.96,38.1,1.59,3626.2,3626.2,3626.2,Urban Medium Density,0.5,7.14,0.42,1,0.1,43.2
VJA,VJA_0160,Tadepalle (Amaravati),16.47475,80.60465,16.1,1.1,40.1,1.61,3586.2,3586.2,3586.2,Urban Medium Density,0.51,5.5,0.51,2,0.2,37.0
VJA,VJA_0161,Tadepalle (Amaravati),16.47475,80.60935,20.5,1.1,22.5,1.63,3550.1,3550.1,3550.1,Urban Medium Density,0.5,8.28,0.49,1,0.1,31.8
VJA,VJA_0162,Tadepalle (Amaravati),16.47475,80.61405,17.0,3.09,36.5,1.7,3422.9,3422.9,3422.9,Urban Medium Density,0.52,5.28,0.43,1,0.1,45.3
VJA,VJA_0163,Tadepalle (Amaravati),16.47475,80.61875,17.6,1.93,34.1,1.73,3366.3,3366.3,3366.3,Urban Medium Density,0.67,6.08,0.54,1,0.1,43.3
VJA,VJA_0164,Tadepalle (Amaravati),16.47475,80.62345,16.3,2.95,39.3,1.72,3383.7,3383.7,3383.7,Urban Medium Density,0.58,7.2,0.55,1,0.1,36.1
VJA,VJA_0165,Tadepalle (Amaravati),16.47475,80.62815,19.1,0.81,28.1,1.67,3474.1,3474.1,3474.1,Urban Medium Density,0.51,8.12,0.59,1,0.1,39.5
VJA,VJA_0166,Krishnalanka (Riverfront),16.47475,80.63285,16.1,1.36,40.1,1.58,3632.0,3632.0,3632.0,Urban Medium Density,0.6,6.62,0.36,1,0.1,56.5
VJA,VJA_0167,Krishnalanka (Riverfront),16.47475,80.63755,16.7,1.17,37.7,1.46,3849.1,3849.1,3849.1,Urban Medium Density,0.63,7.25,0.49,2,0.2,55.7
VJA,VJA_0168,Patamata / Benz Circle,16.47475,80.64225,25.7,7.95,5.0,1.31,4116.1,4116.1,4116.1,Urban Medium Density,0.5,7.68,0.35,0,0.0,0.0
VJA,VJA_0169,Patamata / Benz Circle,16.47475,80.64695,25.6,8.91,5.0,1.26,4214.2,4214.2,4214.2,Urban Medium Density,0.59,5.41,0.46,0,0.0,0.0
VJA,VJA_0170,Patamata / Benz Circle,16.47475,80.65165,23.1,6.89,12.1,1.53,3734.2,3734.2,3734.2,Urban Medium Density,0.48,5.87,0.39,0,0.0,0.0
VJA,VJA_0171,Patamata / Benz Circle,16.47475,80.65635,25.7,5.66,5.0,1.79,3260.6,3260.6,3260.6,Urban Medium Density,0.56,5.59,0.37,0,0.0,0.0
VJA,VJA_0172,Patamata / Benz Circle,16.47475,80.66105,23.9,4.04,9.0,2.05,2796.5,2796.5,2796.5,Urban Medium Density,0.53,6.51,0.44,0,0.0,0.0
VJA,VJA_0173,Patamata / Benz Circle,16.47475,80.66575,25.2,8.04,5.0,2.3,2347.8,2347.8,2347.8,Urban Medium Density,0.59,6.09,0.53,0,0.0,0.0
VJA,VJA_0174,Patamata / Benz Circle,16.47475,80.67045,23.7,7.85,10.1,2.53,1925.1,1925.1,1925.1,Urban Medium Density,0.56,8.36,0.54,0,0.0,0.0
VJA,VJA_0175,Patamata / Benz Circle,16.47475,80.67515,22.0,8.51,17.1,2.74,1549.9,1549.9,1549.9,Urban Medium Density,0.5,5.73,0.5,0,0.0,0.0
VJA,VJA_0176,Patamata / Benz Circle,16.47475,80.67985,25.2,3.67,5.0,2.9,1265.1,1265.1,1265.1,Urban Medium Density,0.5,7.69,0.38,0,0.0,0.0
VJA,VJA_0177,Patamata / Benz Circle,16.47475,80.68455,21.1,3.45,21.1,2.97,1140.8,1140.8,1140.8,Urban Medium Density,0.52,5.21,0.46,0,0.0,0.0
VJA,VJA_0178,Patamata / Benz Circle,16.47475,80.68925,24.8,5.15,6.2,2.96,1146.6,1146.6,1146.6,Urban Medium Density,0.58,5.5,0.44,0,0.0,0.0
VJA,VJA_0179,Patamata / Benz Circle,16.47475,80.69395,24.3,3.67,9.2,3.24,645.7,645.7,645.7,Urban Medium Density,0.49,8.22,0.36,0,0.0,0.0
VJA,VJA_0180,Patamata / Benz Circle,16.47475,80.69865,21.3,3.21,26.1,3.52,146.6,146.6,146.6,Urban Medium Density,0.63,6.7,0.38,0,0.0,0.0
VJA,VJA_0181,Undavalli (Floodplain),16.47925,80.56235,15.4,1.77,43.4,2.62,1769.2,1769.2,1769.2,Urban Medium Density,0.46,7.9,0.39,5,0.5,73.9
VJA,VJA_0182,Undavalli (Floodplain),16.47925,80.56705,19.5,0.93,26.9,2.54,1905.8,1905.8,1905.8,Urban Medium Density,0.65,7.8,0.45,1,0.1,58.0
VJA,VJA_0183,Undavalli (Floodplain),16.47925,80.57175,16.3,2.38,39.6,2.4,2153.3,2153.3,2153.3,Urban Medium Density,0.69,8.69,0.59,2,0.2,42.4
VJA,VJA_0184,Undavalli (Floodplain),16.47925,80.57645,17.6,1.92,34.3,2.22,2478.6,2478.6,2478.6,Urban Medium Density,0.55,6.72,0.37,1,0.1,44.8
VJA,VJA_0185,Undavalli (Floodplain),16.47925,80.58115,18.7,2.83,29.8,2.01,2855.3,2855.3,2855.3,Urban Medium Density,0.53,5.23,0.49,1,0.1,59.8
VJA,VJA_0186,Undavalli (Floodplain),16.47925,80.58585,17.9,1.61,32.9,1.79,3265.5,3265.5,3265.5,Urban Medium Density,0.51,6.28,0.59,1,0.1,39.3
VJA,VJA_0187,Undavalli (Floodplain),16.47925,80.59055,19.2,0.34,27.7,1.68,3448.9,3448.9,3448.9,Urban Medium Density,0.62,8.36,0.37,2,0.2,49.5
VJA,VJA_0188,Tadepalle (Amaravati),16.47925,80.59525,16.3,1.97,39.3,1.79,3256.1,3256.1,3256.1,Urban Medium Density,0.5,7.08,0.36,1,0.1,48.8
VJA,VJA_0189,Tadepalle (Amaravati),16.47925,80.59995,16.7,1.55,37.8,1.86,3132.3,3132.3,3132.3,Urban Medium Density,0.63,8.87,0.49,2,0.2,37.7
VJA,VJA_0190,Tadepalle (Amaravati),16.47925,80.60465,19.6,0.51,26.2,1.89,3085.9,3085.9,3085.9,Urban Medium Density,0.53,8.18,0.55,1,0.1,58.5
VJA,VJA_0191,Tadepalle (Amaravati),16.47925,80.60935,18.7,1.99,29.8,1.89,3080.2,3080.2,3080.2,Urban Medium Density,0.63,7.48,0.4,1,0.1,41.9
VJA,VJA_0192,Tadepalle (Amaravati),16.47925,80.61405,19.6,1.91,26.2,1.97,2932.7,2932.7,2932.7,Urban High Density,0.8,15.74,0.67,1,0.1,53.1
VJA,VJA_0193,Tadepalle (Amaravati),16.47925,80.61875,18.4,1.86,31.0,2.01,2866.4,2866.4,2866.4,Urban High Density,0.8,16.01,0.7,2,0.2,51.0
VJA,VJA_0194,Tadepalle (Amaravati),16.47925,80.62345,20.0,0.65,24.6,2.0,2886.8,2886.8,2886.8,Urban High Density,0.79,13.68,0.6,1,0.1,30.9
VJA,VJA_0195,Krishnalanka (Riverfront),16.47925,80.62815,14.6,2.23,46.2,1.94,2992.2,2992.2,2992.2,Urban High Density,0.73,12.53,0.76,1,0.1,42.7
VJA,VJA_0196,Krishnalanka (Riverfront),16.47925,80.63285,16.6,0.3,38.1,1.84,3174.2,3174.2,3174.2,Urban High Density,0.75,12.03,0.79,1,0.1,33.3
VJA,VJA_0197,Krishnalanka (Riverfront),16.47925,80.63755,18.2,3.21,31.7,1.7,3420.5,3420.5,3420.5,Urban High Density,0.9,16.23,0.67,1,0.1,34.7
VJA,VJA_0198,Patamata / Benz Circle,16.47925,80.64225,21.7,7.82,17.7,1.53,3718.3,3718.3,3718.3,Urban High Density,0.79,14.43,0.85,0,0.0,0.0
VJA,VJA_0199,Patamata / Benz Circle,16.47925,80.64695,20.8,8.84,21.2,1.35,4056.5,4056.5,4056.5,Urban Medium Density,0.52,8.03,0.59,0,0.0,0.0
VJA,VJA_0200,Patamata / Benz Circle,16.47925,80.65165,22.9,8.21,12.9,1.59,3613.0,3613.0,3613.0,Urban Medium Density,0.59,5.92,0.46,0,0.0,0.0
VJA,VJA_0201,Patamata / Benz Circle,16.47925,80.65635,20.3,3.95,23.4,1.87,3121.0,3121.0,3121.0,Urban Medium Density,0.53,7.14,0.49,0,0.0,0.0
VJA,VJA_0202,Patamata / Benz Circle,16.47925,80.66105,21.1,8.24,20.3,2.14,2632.5,2632.5,2632.5,Urban Medium Density,0.6,5.97,0.46,0,0.0,0.0
VJA,VJA_0203,Patamata / Benz Circle,16.47925,80.66575,20.1,8.03,24.4,2.41,2149.8,2149.8,2149.8,Urban Medium Density,0.67,5.74,0.55,0,0.0,0.0
VJA,VJA_0204,Patamata / Benz Circle,16.47925,80.67045,24.8,7.95,5.8,2.67,1678.0,1678.0,1678.0,Urban Medium Density,0.5,7.87,0.52,0,0.0,0.0
VJA,VJA_0205,Patamata / Benz Circle,16.47925,80.67515,23.5,7.2,11.4,2.92,1229.6,1229.6,1229.6,Urban Medium Density,0.56,7.2,0.53,0,0.0,0.0
VJA,VJA_0206,Patamata / Benz Circle,16.47925,80.67985,20.3,7.49,24.7,3.13,842.8,842.8,842.8,Urban Medium Density,0.57,7.7,0.46,0,0.0,0.0
VJA,VJA_0207,Patamata / Benz Circle,16.47925,80.68455,25.4,5.54,5.0,3.24,641.2,641.2,641.2,Urban Medium Density,0.68,7.27,0.55,0,0.0,0.0
VJA,VJA_0208,Patamata / Benz Circle,16.47925,80.68925,21.5,5.3,20.0,3.16,783.7,783.7,783.7,Urban Medium Density,0.51,8.59,0.59,0,0.0,0.0
VJA,VJA_0209,Patamata / Benz Circle,16.47925,80.69395,24.0,6.85,10.0,3.16,799.7,799.7,799.7,Urban Medium Density,0.52,5.69,0.48,0,0.0,0.0
VJA,VJA_0210,Patamata / Benz Circle,16.47925,80.69865,25.8,6.81,5.0,3.33,494.0,494.0,494.0,Urban Medium Density,0.69,5.71,0.58,0,0.0,0.0
VJA,VJA_0211,Undavalli (Floodplain),16.48375,80.56235,17.5,2.97,35.3,2.89,1275.8,1275.8,1275.8,Urban Medium Density,0.63,6.81,0.35,4,0.4,78.5
VJA,VJA_0212,Undavalli (Floodplain),16.48375,80.56705,15.9,0.4,41.6,2.79,1459.4,1459.4,1459.4,Urban Medium Density,0.59,6.22,0.42,4,0.4,79.6
VJA,VJA_0213,Undavalli (Floodplain),16.48375,80.57175,16.9,2.58,37.4,2.62,1770.4,1770.4,1770.4,Urban Medium Density,0.48,8.88,0.44,5,0.5,73.7
VJA,VJA_0214,Undavalli (Floodplain),16.48375,80.57645,17.8,1.62,33.6,2.4,2154.3,2154.3,2154.3,Urban Medium Density,0.51,8.42,0.41,1,0.1,40.5
VJA,VJA_0215,Undavalli (Floodplain),16.48375,80.58115,15.7,3.49,41.9,2.17,2578.8,2578.8,2578.8,Urban Medium Density,0.56,7.74,0.37,1,0.1,49.0
VJA,VJA_0216,Undavalli (Floodplain),16.48375,80.58585,15.9,2.39,41.0,1.92,3026.8,3026.8,3026.8,Urban Medium Density,0.48,6.92,0.5,1,0.1,51.9
VJA,VJA_0217,Undavalli (Floodplain),16.48375,80.59055,19.4,2.28,27.0,1.93,3009.5,3009.5,3009.5,Urban Medium Density,0.61,6.99,0.47,2,0.2,43.3
VJA,VJA_0218,Tadepalle (Amaravati),16.48375,80.59525,19.1,1.77,28.2,2.05,2786.5,2786.5,2786.5,Urban Medium Density,0.63,7.19,0.59,2,0.2,51.1
VJA,VJA_0219,Tadepalle (Amaravati),16.48375,80.59995,20.8,3.05,21.5,2.13,2640.8,2640.8,2640.8,Urban Medium Density,0.45,7.85,0.57,1,0.1,34.2
VJA,VJA_0220,Tadepalle (Amaravati),16.48375,80.60465,19.8,1.22,25.5,2.16,2585.6,2585.6,2585.6,Urban Medium Density,0.58,7.08,0.38,1,0.1,58.6
VJA,VJA_0221,Tadepalle (Amaravati),16.48375,80.60935,20.9,3.37,21.1,2.14,2621.6,2621.6,2621.6,Urban High Density,0.8,12.96,0.61,1,0.1,55.1
VJA,VJA_0222,Tadepalle (Amaravati),16.48375,80.61405,20.3,2.82,23.5,2.24,2446.6,2446.6,2446.6,Urban High Density,0.93,11.0,0.72,2,0.2,46.3
VJA,VJA_0223,Tadepalle (Amaravati),16.48375,80.61875,20.7,1.77,21.9,2.29,2366.6,2366.6,2366.6,Urban High Density,0.77,11.11,0.87,1,0.1,33.8
VJA,VJA_0224,Krishnalanka (Riverfront),16.48375,80.62345,17.3,1.07,35.5,2.27,2391.4,2391.4,2391.4,Urban High Density,0.75,15.87,0.6,1,0.1,50.6
VJA,VJA_0225,Krishnalanka (Riverfront),16.48375,80.62815,17.2,1.4,35.9,2.2,2517.6,2517.6,2517.6,Urban High Density,0.72,9.7,0.63,1,0.1,55.7
VJA,VJA_0226,Krishnalanka (Riverfront),16.48375,80.63285,16.5,1.83,38.6,2.08,2731.4,2731.4,2731.4,Urban High Density,0.9,15.86,0.69,1,0.1,30.3
VJA,VJA_0227,Krishnalanka (Riverfront),16.48375,80.63755,16.5,2.7,38.6,1.93,3014.1,3014.1,3014.1,Urban High Density,0.9,13.05,0.68,2,0.2,46.7
VJA,VJA_0228,Patamata / Benz Circle,16.48375,80.64225,23.5,5.23,10.5,1.74,3348.3,3348.3,3348.3,Urban High Density,0.74,16.28,0.69,0,0.0,0.0
VJA,VJA_0229,Patamata / Benz Circle,16.48375,80.64695,20.8,4.09,21.3,1.53,3720.2,3720.2,3720.2,Urban High Density,0.73,10.25,0.69,0,0.0,0.0
VJA,VJA_0230,Patamata / Benz Circle,16.48375,80.65165,20.3,4.18,23.3,1.62,3558.6,3558.6,3558.6,Urban Medium Density,0.51,5.77,0.45,0,0.0,0.0
VJA,VJA_0231,Patamata / Benz Circle,16.48375,80.65635,25.3,5.51,5.0,1.9,3058.0,3058.0,3058.0,Urban Medium Density,0.45,7.95,0.53,0,0.0,0.0
VJA,VJA_0232,Patamata / Benz Circle,16.48375,80.66105,24.9,2.58,5.1,2.18,2557.4,2557.4,2557.4,Urban Medium Density,0.53,6.82,0.37,0,0.0,0.0
VJA,VJA_0233,Patamata / Benz Circle,16.48375,80.66575,21.8,5.02,17.6,2.46,2057.2,2057.2,2057.2,Urban Medium Density,0.45,5.36,0.59,0,0.0,0.0
VJA,VJA_0234,Patamata / Benz Circle,16.48375,80.67045,22.5,5.03,15.1,2.73,1557.6,1557.6,1557.6,Urban Medium Density,0.49,5.16,0.43,0,0.0,0.0
VJA,VJA_0235,Patamata / Benz Circle,16.48375,80.67515,20.6,6.87,23.2,3.01,1059.4,1059.4,1059.4,Urban Medium Density,0.58,8.5,0.51,0,0.0,0.0
VJA,VJA_0236,Patamata / Benz Circle,16.48375,80.67985,21.4,4.05,21.1,3.29,566.4,566.4,566.4,Urban Medium Density,0.65,7.03,0.58,0,0.0,0.0
VJA,VJA_0237,Patamata / Benz Circle,16.48375,80.68455,23.6,6.81,16.9,3.52,147.0,147.0,147.0,Urban Medium Density,0.52,6.88,0.38,0,0.0,0.0
VJA,VJA_0238,Patamata / Benz Circle,16.48375,80.68925,23.3,3.67,13.9,3.34,474.0,474.0,474.0,Urban Medium Density,0.53,7.9,0.39,0,0.0,0.0
VJA,VJA_0239,Patamata / Benz Circle,16.48375,80.69395,22.0,7.46,17.7,3.06,964.4,964.4,964.4,Urban Medium Density,0.67,5.03,0.54,0,0.0,0.0
VJA,VJA_0240,Patamata / Benz Circle,16.48375,80.69865,24.4,8.37,8.1,3.05,983.5,983.5,983.5,Urban Medium Density,0.46,6.29,0.38,0,0.0,0.0
VJA,VJA_0241,Undavalli (Floodplain),16.48825,80.56235,16.5,2.84,40.0,3.16,791.3,791.3,791.3,Urban Medium Density,0.63,5.19,0.48,3,0.3,80.6
VJA,VJA_0242,Undavalli (Floodplain),16.48825,80.56705,17.0,1.25,37.5,3.01,1062.2,1062.2,1062.2,Urban Medium Density,0.46,8.04,0.56,3,0.3,77.6
VJA,VJA_0243,Undavalli (Floodplain),16.48825,80.57175,18.1,1.51,32.8,2.79,1460.4,1460.4,1460.4,Urban Medium Density,0.69,5.97,0.41,4,0.4,88.6
VJA,VJA_0244,Undavalli (Floodplain),16.48825,80.57645,16.2,0.52,40.1,2.54,1907.8,1907.8,1907.8,Urban Medium Density,0.69,7.07,0.38,2,0.2,42.1
VJA,VJA_0245,Undavalli (Floodplain),16.48825,80.58115,15.6,0.33,42.3,2.28,2376.7,2376.7,2376.7,Urban Medium Density,0.49,8.59,0.56,1,0.1,37.8
VJA,VJA_0246,Undavalli (Floodplain),16.48825,80.58585,18.1,0.74,32.2,2.01,2856.5,2856.5,2856.5,Urban Medium Density,0.54,9.0,0.57,1,0.1,39.0
VJA,VJA_0247,Undavalli (Floodplain),16.48825,80.59055,18.8,0.65,29.5,2.16,2592.4,2592.4,2592.4,Urban Medium Density,0.68,7.05,0.49,2,0.2,32.3
VJA,VJA_0248,Undavalli (Floodplain),16.48825,80.59525,18.1,2.11,32.3,2.31,2329.7,2329.7,2329.7,Urban Medium Density,0.5,8.28,0.43,2,0.2,42.5
VJA,VJA_0249,Tadepalle (Amaravati),16.48825,80.59995,19.6,2.2,26.4,2.4,2153.3,2153.3,2153.3,Urban High Density,0.88,11.04,0.86,1,0.1,33.8
VJA,VJA_0250,Tadepalle (Amaravati),16.48825,80.60465,20.2,3.23,24.0,2.44,2085.2,2085.2,2085.2,Urban High Density,0.77,15.43,0.67,1,0.1,55.4
VJA,VJA_0251,Tadepalle (Amaravati),16.48825,80.60935,19.4,1.82,27.2,2.41,2135.9,2135.9,2135.9,Urban High Density,0.75,12.23,0.69,2,0.2,40.5
VJA,VJA_0252,Tadepalle (Amaravati),16.48825,80.61405,17.4,0.44,35.3,2.51,1967.6,1967.6,1967.6,Urban High Density,0.7,13.52,0.66,2,0.2,37.0
VJA,VJA_0253,Tadepalle (Amaravati),16.48825,80.61875,17.8,2.45,33.7,2.56,1867.3,1867.3,1867.3,Urban High Density,0.87,11.97,0.88,2,0.2,51.3
VJA,VJA_0254,Krishnalanka (Riverfront),16.48825,80.62345,18.5,1.63,30.9,2.55,1898.5,1898.5,1898.5,Urban High Density,0.94,13.12,0.61,1,0.1,56.0
VJA,VJA_0255,Krishnalanka (Riverfront),16.48825,80.62815,15.7,1.81,42.0,2.46,2055.2,2055.2,2055.2,Urban High Density,0.84,11.9,0.74,1,0.1,50.1
VJA,VJA_0256,Krishnalanka (Riverfront),16.48825,80.63285,17.0,2.39,36.7,2.32,2312.1,2312.1,2312.1,Urban High Density,0.89,9.66,0.76,2,0.2,52.0
VJA,VJA_0257,Krishnalanka (Riverfront),16.48825,80.63755,18.4,1.82,31.1,2.13,2640.1,2640.1,2640.1,Urban High Density,0.73,9.58,0.6,1,0.1,58.2
VJA,VJA_0258,Patamata / Benz Circle,16.48825,80.64225,21.7,5.66,17.8,1.92,3016.0,3016.0,3016.0,Urban High Density,0.79,9.16,0.82,0,0.0,0.0
VJA,VJA_0259,Patamata / Benz Circle,16.48825,80.64695,25.6,3.8,5.0,1.7,3424.2,3424.2,3424.2,Urban High Density,0.8,15.15,0.75,0,0.0,0.0
VJA,VJA_0260,Patamata / Benz Circle,16.48825,80.65165,23.0,2.91,12.5,1.61,3574.2,3574.2,3574.2,Urban High Density,0.73,10.26,0.67,0,0.0,0.0
VJA,VJA_0261,Patamata / Benz Circle,16.48825,80.65635,25.9,8.16,5.0,1.89,3076.1,3076.1,3076.1,Urban Medium Density,0.53,5.5,0.45,0,0.0,0.0
VJA,VJA_0262,Patamata / Benz Circle,16.48825,80.66105,20.5,7.54,22.7,2.17,2579.1,2579.1,2579.1,Urban Medium Density,0.63,7.76,0.49,0,0.0,0.0
VJA,VJA_0263,Patamata / Benz Circle,16.48825,80.66575,22.4,7.95,15.2,2.44,2084.1,2084.1,2084.1,Urban Medium Density,0.67,7.09,0.59,0,0.0,0.0
VJA,VJA_0264,Patamata / Benz Circle,16.48825,80.67045,25.6,4.25,5.0,2.72,1592.9,1592.9,1592.9,Urban Medium Density,0.6,8.13,0.52,0,0.0,0.0
VJA,VJA_0265,Patamata / Benz Circle,16.48825,80.67515,23.6,6.58,11.1,2.98,1110.7,1110.7,1110.7,Urban Medium Density,0.49,6.62,0.4,0,0.0,0.0
VJA,VJA_0266,Patamata / Benz Circle,16.48825,80.67985,24.8,5.38,7.2,3.23,657.4,657.4,657.4,Urban Medium Density,0.59,8.19,0.39,0,0.0,0.0
VJA,VJA_0267,Patamata / Benz Circle,16.48825,80.68455,25.7,6.35,5.1,3.4,364.6,364.6,364.6,Urban Medium Density,0.56,8.48,0.55,0,0.0,0.0
VJA,VJA_0268,Patamata / Benz Circle,16.48825,80.68925,22.6,5.33,16.2,3.28,579.6,579.6,579.6,Urban Medium Density,0.47,8.02,0.5,0,0.0,0.0
VJA,VJA_0269,Patamata / Benz Circle,16.48825,80.69395,24.5,7.84,7.6,3.03,1020.4,1020.4,1020.4,Urban Medium Density,0.65,5.82,0.47,0,0.0,0.0
VJA,VJA_0270,Patamata / Benz Circle,16.48825,80.69865,21.7,3.64,18.3,2.78,1480.3,1480.3,1480.3,Urban Medium Density,0.67,6.25,0.4,0,0.0,0.0
VJA,VJA_0271,Undavalli (Floodplain),16.49275,80.56235,18.0,3.48,36.0,3.4,354.1,354.1,354.1,Urban Medium Density,0.52,5.82,0.45,4,0.4,71.4
VJA,VJA_0272,Undavalli (Floodplain),16.49275,80.56705,16.9,1.41,38.4,3.16,792.2,792.2,792.2,Urban Medium Density,0.65,5.46,0.39,5,0.5,86.3
VJA,VJA_0273,Undavalli (Floodplain),16.49275,80.57175,19.2,3.07,28.5,2.89,1277.5,1277.5,1277.5,Urban Medium Density,0.56,5.67,0.37,4,0.4,90.1
VJA,VJA_0274,Undavalli (Floodplain),16.49275,80.57645,18.1,2.74,32.6,2.62,1771.6,1771.6,1771.6,Urban Medium Density,0.52,7.14,0.36,4,0.4,76.7
VJA,VJA_0275,Undavalli (Floodplain),16.49275,80.58115,19.1,0.69,28.4,2.34,2268.8,2268.8,2268.8,Urban Medium Density,0.5,8.24,0.55,1,0.1,41.3
VJA,VJA_0276,Undavalli (Floodplain),16.49275,80.58585,18.4,1.74,31.1,2.16,2584.4,2584.4,2584.4,Urban Medium Density,0.68,6.48,0.42,2,0.2,46.9
VJA,VJA_0277,Undavalli (Floodplain),16.49275,80.59055,16.0,2.42,40.8,2.37,2210.0,2210.0,2210.0,Urban Medium Density,0.69,5.8,0.4,1,0.1,40.4
VJA,VJA_0278,Undavalli (Floodplain),16.49275,80.59525,17.4,2.01,35.3,2.55,1895.1,1895.1,1895.1,Urban Medium Density,0.69,7.94,0.58,2,0.2,46.8
VJA,VJA_0279,Tadepalle (Amaravati),16.49275,80.59995,20.4,2.97,23.4,2.67,1673.5,1673.5,1673.5,Urban High Density,0.8,12.5,0.87,5,0.5,70.7
VJA,VJA_0280,Tadepalle (Amaravati),16.49275,80.60465,19.2,1.16,28.3,2.72,1585.0,1585.0,1585.0,Urban High Density,0.7,9.56,0.84,4,0.4,74.8
VJA,VJA_0281,Tadepalle (Amaravati),16.49275,80.60935,17.5,1.73,35.0,2.68,1651.0,1651.0,1651.0,Urban High Density,0.87,12.16,0.67,4,0.4,95.0
VJA,VJA_0282,Tadepalle (Amaravati),16.49275,80.61405,17.6,0.76,34.7,2.77,1502.6,1502.6,1502.6,Urban High Density,0.94,10.65,0.64,5,0.5,82.6
VJA,VJA_0283,Krishnalanka (Riverfront),16.49275,80.61875,14.5,1.38,47.2,2.84,1368.6,1368.6,1368.6,Urban High Density,0.77,10.1,0.62,3,0.3,90.0
VJA,VJA_0284,Krishnalanka (Riverfront),16.49275,80.62345,17.9,2.32,33.6,2.82,1410.9,1410.9,1410.9,Urban High Density,0.75,16.34,0.74,4,0.4,73.8
VJA,VJA_0285,Krishnalanka (Riverfront),16.49275,80.62815,16.9,1.27,37.4,2.7,1615.7,1615.7,1615.7,Urban High Density,0.71,11.24,0.68,4,0.4,73.6
VJA,VJA_0286,Krishnalanka (Riverfront),16.49275,80.63285,14.8,3.14,45.7,2.53,1931.9,1931.9,1931.9,Urban High Density,0.89,11.45,0.78,2,0.2,43.8
VJA,VJA_0287,Krishnalanka (Riverfront),16.49275,80.63755,14.3,1.69,47.5,2.31,2314.4,2314.4,2314.4,Urban High Density,0.85,12.28,0.65,1,0.1,59.7
VJA,VJA_0288,Patamata / Benz Circle,16.49275,80.64225,20.2,8.87,23.8,2.08,2735.5,2735.5,2735.5,Urban High Density,0.71,10.8,0.72,0,0.0,0.0
VJA,VJA_0289,Patamata / Benz Circle,16.49275,80.64695,21.7,8.48,17.8,1.87,3119.3,3119.3,3119.3,Urban High Density,0.9,9.12,0.72,0,0.0,0.0
VJA,VJA_0290,Patamata / Benz Circle,16.49275,80.65165,24.7,4.98,5.7,1.78,3274.7,3274.7,3274.7,Urban High Density,0.73,15.37,0.8,0,0.0,0.0
VJA,VJA_0291,Patamata / Benz Circle,16.49275,80.65635,20.6,5.77,22.1,1.84,3173.9,3173.9,3173.9,Urban High Density,0.8,10.55,0.67,0,0.0,0.0
VJA,VJA_0292,Patamata / Benz Circle,16.49275,80.66105,24.0,5.56,8.6,2.1,2695.1,2695.1,2695.1,Urban Medium Density,0.52,7.26,0.49,0,0.0,0.0
VJA,VJA_0293,Patamata / Benz Circle,16.49275,80.66575,23.7,4.2,10.0,2.36,2226.0,2226.0,2226.0,Urban Medium Density,0.54,6.34,0.52,0,0.0,0.0
VJA,VJA_0294,Patamata / Benz Circle,16.49275,80.67045,25.6,3.74,5.0,2.61,1774.6,1774.6,1774.6,Urban Medium Density,0.56,5.78,0.46,0,0.0,0.0
VJA,VJA_0295,Patamata / Benz Circle,16.49275,80.67515,22.2,7.71,16.4,2.85,1358.5,1358.5,1358.5,Urban Medium Density,0.51,6.21,0.39,0,0.0,0.0
VJA,VJA_0296,Patamata / Benz Circle,16.49275,80.67985,23.9,6.8,10.0,3.03,1021.8,1021.8,1021.8,Urban Medium Density,0.6,8.93,0.46,0,0.0,0.0
VJA,VJA_0297,Patamata / Benz Circle,16.49275,80.68455,21.2,2.74,21.1,3.12,863.1,863.1,863.1,Urban Medium Density,0.57,8.56,0.55,0,0.0,0.0
VJA,VJA_0298,Patamata / Benz Circle,16.49275,80.68925,23.4,3.04,12.1,3.06,973.6,973.6,973.6,Urban Medium Density,0.5,7.92,0.36,0,0.0,0.0
VJA,VJA_0299,Patamata / Benz Circle,16.49275,80.69395,23.1,8.37,12.9,2.89,1285.8,1285.8,1285.8,Urban Medium Density,0.66,5.1,0.55,0,0.0,0.0
VJA,VJA_0300,Patamata / Benz Circle,16.49275,80.69865,23.0,5.98,13.0,2.66,1691.4,1691.4,1691.4,Urban Medium Density,0.68,8.59,0.47,0,0.0,0.0
VJA,VJA_0301,Undavalli (Floodplain),16.49725,80.56235,15.1,1.16,47.6,3.4,354.1,354.1,354.1,Urban Medium Density,0.5,5.12,0.4,4,0.4,68.5
VJA,VJA_0302,Undavalli (Floodplain),16.49725,80.56705,19.1,1.47,29.6,3.16,792.2,792.2,792.2,Urban Medium Density,0.58,5.19,0.35,3,0.3,78.6
VJA,VJA_0303,Undavalli (Floodplain),16.49725,80.57175,19.0,0.49,29.3,2.89,1277.5,1277.5,1277.5,Urban Medium Density,0.61,6.64,0.45,3,0.3,68.5
VJA,VJA_0304,Undavalli (Floodplain),16.49725,80.57645,15.7,2.41,42.2,2.62,1771.6,1771.6,1771.6,Urban Medium Density,0.7,6.76,0.57,5,0.5,89.6
VJA,VJA_0305,Undavalli (Floodplain),16.49725,80.58115,18.8,2.84,29.6,2.34,2268.8,2268.8,2268.8,Urban Medium Density,0.69,6.09,0.38,2,0.2,38.2
VJA,VJA_0306,Undavalli (Floodplain),16.49725,80.58585,18.6,2.87,30.3,2.32,2311.7,2311.7,2311.7,Urban Medium Density,0.57,8.81,0.42,1,0.1,45.9
VJA,VJA_0307,Undavalli (Floodplain),16.49725,80.59055,15.8,2.22,41.7,2.55,1883.8,1883.8,1883.8,Urban Medium Density,0.53,5.16,0.59,1,0.1,44.4
VJA,VJA_0308,Undavalli (Floodplain),16.49725,80.59525,19.0,1.79,29.1,2.77,1502.0,1502.0,1502.0,Urban High Density,0.77,9.12,0.75,4,0.4,66.1
VJA,VJA_0309,Undavalli (Floodplain),16.49725,80.59995,17.0,0.84,37.4,2.93,1210.5,1210.5,1210.5,Urban High Density,0.85,9.41,0.62,5,0.5,82.3
VJA,VJA_0310,Tadepalle (Amaravati),16.49725,80.60465,19.6,1.17,27.1,3.0,1084.8,1084.8,1084.8,Urban High Density,0.91,11.56,0.64,4,0.4,78.7
VJA,VJA_0311,Tadepalle (Amaravati),16.49725,80.60935,16.5,0.48,39.4,2.94,1179.2,1179.2,1179.2,Urban High Density,0.82,10.14,0.67,5,0.5,73.9
VJA,VJA_0312,Krishnalanka (Riverfront),16.49725,80.61405,16.1,1.92,41.1,3.01,1070.1,1070.1,1070.1,Urban High Density,0.83,16.08,0.68,5,0.5,72.0
VJA,VJA_0313,Krishnalanka (Riverfront),16.49725,80.61875,18.1,2.75,33.5,3.12,872.0,872.0,872.0,Urban High Density,0.93,12.51,0.87,4,0.4,81.0
VJA,VJA_0314,Krishnalanka (Riverfront),16.49725,80.62345,14.6,0.74,47.3,3.08,937.0,937.0,937.0,Urban High Density,0.93,11.98,0.82,5,0.5,88.1
VJA,VJA_0315,Krishnalanka (Riverfront),16.49725,80.62815,14.7,3.44,46.6,2.92,1223.8,1223.8,1223.8,Urban High Density,0.79,10.34,0.84,4,0.4,65.3
VJA,VJA_0316,Krishnalanka (Riverfront),16.49725,80.63285,17.3,2.0,35.8,2.7,1618.5,1618.5,1618.5,Urban High Density,0.82,14.92,0.73,5,0.5,93.4
VJA,VJA_0317,Krishnalanka (Riverfront),16.49725,80.63755,17.2,1.17,36.0,2.46,2060.0,2060.0,2060.0,Urban High Density,0.76,15.88,0.66,1,0.1,41.3
VJA,VJA_0318,Krishnalanka (Riverfront),16.49725,80.64225,17.3,0.62,35.5,2.2,2523.9,2523.9,2523.9,Urban High Density,0.91,11.22,0.69,2,0.2,33.9
VJA,VJA_0319,Patamata / Benz Circle,16.49725,80.64695,21.6,6.15,18.3,2.14,2636.0,2636.0,2636.0,Urban High Density,0.77,14.87,0.86,0,0.0,0.0
VJA,VJA_0320,Patamata / Benz Circle,16.49725,80.65165,20.5,2.72,22.6,2.03,2818.1,2818.1,2818.1,Urban High Density,0.83,12.36,0.8,0,0.0,0.0
VJA,VJA_0321,Patamata / Benz Circle,16.49725,80.65635,22.9,5.41,13.0,1.89,3072.1,3072.1,3072.1,Urban High Density,0.89,9.01,0.81,0,0.0,0.0
VJA,VJA_0322,Patamata / Benz Circle,16.49725,80.66105,23.1,8.02,12.2,1.99,2894.2,2894.2,2894.2,Urban High Density,0.91,13.4,0.75,0,0.0,0.0
VJA,VJA_0323,Patamata / Benz Circle,16.49725,80.66575,21.4,7.17,19.1,2.23,2463.3,2463.3,2463.3,Urban Medium Density,0.69,7.43,0.43,0,0.0,0.0
VJA,VJA_0324,Patamata / Benz Circle,16.49725,80.67045,21.2,7.55,20.0,2.45,2064.5,2064.5,2064.5,Urban Medium Density,0.52,7.39,0.51,0,0.0,0.0
VJA,VJA_0325,Patamata / Benz Circle,16.49725,80.67515,24.4,8.82,7.4,2.64,1720.0,1720.0,1720.0,Urban Medium Density,0.62,6.7,0.47,0,0.0,0.0
VJA,VJA_0326,Patamata / Benz Circle,16.49725,80.67985,21.4,4.69,19.5,2.78,1468.6,1468.6,1468.6,Urban Medium Density,0.62,7.5,0.36,0,0.0,0.0
VJA,VJA_0327,Patamata / Benz Circle,16.49725,80.68455,20.6,5.82,22.8,2.84,1363.0,1363.0,1363.0,Urban Medium Density,0.65,6.49,0.43,0,0.0,0.0
VJA,VJA_0328,Patamata / Benz Circle,16.49725,80.68925,20.3,3.43,24.0,2.8,1435.5,1435.5,1435.5,Urban Medium Density,0.58,7.76,0.44,0,0.0,0.0
VJA,VJA_0329,Patamata / Benz Circle,16.49725,80.69395,22.8,8.33,13.8,2.68,1663.1,1663.1,1663.1,Urban Medium Density,0.48,7.25,0.58,0,0.0,0.0
VJA,VJA_0330,Patamata / Benz Circle,16.49725,80.69865,24.9,7.81,5.3,2.49,1993.4,1993.4,1993.4,Urban Medium Density,0.69,6.72,0.53,0,0.0,0.0
VJA,VJA_0331,Undavalli (Floodplain),16.50175,80.56235,17.2,3.37,37.2,3.16,791.3,791.3,791.3,Urban Medium Density,0.47,5.95,0.52,3,0.3,81.5
VJA,VJA_0332,Undavalli (Floodplain),16.50175,80.56705,17.0,2.72,37.5,3.01,1062.2,1062.2,1062.2,Urban Medium Density,0.59,6.72,0.38,5,0.5,67.5
VJA,VJA_0333,Undavalli (Floodplain),16.50175,80.57175,16.7,1.16,38.4,2.79,1460.4,1460.4,1460.4,Urban Medium Density,0.54,5.43,0.46,5,0.5,74.9
VJA,VJA_0334,Undavalli (Floodplain),16.50175,80.57645,15.7,3.28,42.1,2.54,1907.7,1907.7,1907.7,Urban Medium Density,0.52,8.91,0.5,2,0.2,34.1
VJA,VJA_0335,Undavalli (Floodplain),16.50175,80.58115,15.7,2.84,41.9,2.28,2376.6,2376.6,2376.6,Urban Medium Density,0.51,6.85,0.39,1,0.1,52.8
VJA,VJA_0336,Undavalli (Floodplain),16.50175,80.58585,15.5,2.03,42.8,2.42,2123.5,2123.5,2123.5,Urban Medium Density,0.59,7.35,0.6,1,0.1,57.5
VJA,VJA_0337,Undavalli (Floodplain),16.50175,80.59055,18.9,1.59,29.4,2.68,1647.5,1647.5,1647.5,Urban Medium Density,0.52,6.86,0.46,3,0.3,73.6
VJA,VJA_0338,Undavalli (Floodplain),16.50175,80.59525,16.9,3.24,37.8,2.94,1192.2,1192.2,1192.2,Urban High Density,0.83,11.46,0.67,5,0.5,74.2
VJA,VJA_0339,Bhavanipuram,16.50175,80.59995,23.9,8.82,10.4,3.16,794.1,794.1,794.1,Urban High Density,0.7,10.92,0.77,0,0.0,0.0
VJA,VJA_0340,One Town / Indrakeeladri Hills,16.50175,80.60465,72.8,4.51,5.0,3.28,585.0,585.0,585.0,Urban High Density,0.74,9.34,0.69,0,0.0,0.0
VJA,VJA_0341,One Town / Indrakeeladri Hills,16.50175,80.60935,78.3,3.12,5.0,3.19,745.6,745.6,745.6,Urban High Density,0.84,10.02,0.83,0,0.0,0.0
VJA,VJA_0342,One Town / Indrakeeladri Hills,16.50175,80.61405,98.8,6.04,5.0,3.27,592.5,592.5,592.5,Urban High Density,0.86,15.87,0.77,0,0.0,0.0
VJA,VJA_0343,Krishnalanka (Riverfront),16.50175,80.61875,14.7,2.6,48.9,3.39,385.2,385.2,385.2,Urban High Density,0.89,15.33,0.81,4,0.4,94.2
VJA,VJA_0344,Krishnalanka (Riverfront),16.50175,80.62345,18.4,2.7,33.3,3.31,515.6,515.6,515.6,Urban High Density,0.86,15.66,0.61,3,0.3,87.6
VJA,VJA_0345,Krishnalanka (Riverfront),16.50175,80.62815,16.6,2.06,39.3,3.08,941.1,941.1,941.1,Urban High Density,0.74,14.37,0.63,5,0.5,72.6
VJA,VJA_0346,Krishnalanka (Riverfront),16.50175,80.63285,15.5,2.91,43.2,2.81,1416.9,1416.9,1416.9,Urban High Density,0.87,10.4,0.8,5,0.5,86.7
VJA,VJA_0347,Krishnalanka (Riverfront),16.50175,80.63755,15.8,0.74,41.7,2.54,1905.7,1905.7,1905.7,Urban High Density,0.81,10.91,0.79,1,0.1,57.1
VJA,VJA_0348,Krishnalanka (Riverfront),16.50175,80.64225,15.9,0.43,41.2,2.46,2043.4,2043.4,2043.4,Urban High Density,0.77,12.76,0.66,2,0.2,54.1
VJA,VJA_0349,Patamata / Benz Circle,16.50175,80.64695,20.9,3.84,21.2,2.4,2160.3,2160.3,2160.3,Urban High Density,0.7,12.05,0.64,0,0.0,0.0
VJA,VJA_0350,Patamata / Benz Circle,16.50175,80.65165,21.3,6.66,19.5,2.28,2379.2,2379.2,2379.2,Urban High Density,0.9,9.76,0.81,0,0.0,0.0
VJA,VJA_0351,Patamata / Benz Circle,16.50175,80.65635,25.3,6.0,5.0,2.11,2675.1,2675.1,2675.1,Urban High Density,0.8,14.38,0.64,0,0.0,0.0
VJA,VJA_0352,Patamata / Benz Circle,16.50175,80.66105,21.2,7.79,19.8,1.92,3025.6,3025.6,3025.6,Urban High Density,0.72,9.15,0.76,0,0.0,0.0
VJA,VJA_0353,Patamata / Benz Circle,16.50175,80.66575,24.5,8.52,6.6,2.06,2771.5,2771.5,2771.5,Urban Medium Density,0.58,5.94,0.5,0,0.0,0.0
VJA,VJA_0354,Patamata / Benz Circle,16.50175,80.67045,24.7,8.42,5.9,2.25,2424.0,2424.0,2424.0,Urban Medium Density,0.56,8.08,0.49,0,0.0,0.0
VJA,VJA_0355,Patamata / Benz Circle,16.50175,80.67515,20.7,6.75,22.0,2.41,2138.2,2138.2,2138.2,Urban Medium Density,0.63,5.71,0.41,0,0.0,0.0
VJA,VJA_0356,Patamata / Benz Circle,16.50175,80.67985,22.8,3.43,13.7,2.52,1941.8,1941.8,1941.8,Urban Medium Density,0.65,6.54,0.45,0,0.0,0.0
VJA,VJA_0357,Patamata / Benz Circle,16.50175,80.68455,23.6,6.15,10.5,2.56,1863.1,1863.1,1863.1,Urban Medium Density,0.69,5.89,0.54,0,0.0,0.0
VJA,VJA_0358,Patamata / Benz Circle,16.50175,80.68925,22.9,8.76,13.3,2.54,1916.8,1916.8,1916.8,Urban Medium Density,0.49,5.18,0.39,0,0.0,0.0
VJA,VJA_0359,Patamata / Benz Circle,16.50175,80.69395,23.1,4.3,12.4,2.44,2092.7,2092.7,2092.7,Urban Medium Density,0.51,5.22,0.39,0,0.0,0.0
VJA,VJA_0360,Patamata / Benz Circle,16.50175,80.69865,25.4,8.62,5.0,2.29,2363.7,2363.7,2363.7,Urban Medium Density,0.45,6.42,0.39,0,0.0,0.0
VJA,VJA_0361,Undavalli (Floodplain),16.50625,80.56235,16.8,2.18,38.1,2.89,1275.8,1275.8,1275.8,Urban Medium Density,0.49,5.53,0.36,4,0.4,76.7
VJA,VJA_0362,Undavalli (Floodplain),16.50625,80.56705,19.0,0.71,29.2,2.79,1459.4,1459.4,1459.4,Urban Medium Density,0.62,6.73,0.5,5,0.5,69.7
VJA,VJA_0363,Undavalli (Floodplain),16.50625,80.57175,17.1,3.43,36.6,2.62,1770.4,1770.4,1770.4,Urban Medium Density,0.57,7.82,0.58,4,0.4,72.9
VJA,VJA_0364,Bhavanipuram,16.50625,80.57645,20.4,7.54,23.2,2.4,2154.2,2154.2,2154.2,Urban Medium Density,0.68,8.58,0.5,0,0.0,0.0
VJA,VJA_0365,Bhavanipuram,16.50625,80.58115,20.4,3.03,23.1,2.19,2544.1,2544.1,2544.1,Urban Medium Density,0.69,7.61,0.55,0,0.0,0.0
VJA,VJA_0366,Bhavanipuram,16.50625,80.58585,20.1,3.96,24.4,2.46,2043.3,2043.3,2043.3,Urban Medium Density,0.59,6.5,0.55,0,0.0,0.0
VJA,VJA_0367,Bhavanipuram,16.50625,80.59055,19.6,4.09,26.7,2.74,1542.8,1542.8,1542.8,Urban Medium Density,0.58,7.69,0.54,0,0.0,0.0
VJA,VJA_0368,Bhavanipuram,16.50625,80.59525,23.7,8.25,10.8,3.02,1042.8,1042.8,1042.8,Urban High Density,0.74,16.29,0.64,0,0.0,0.0
VJA,VJA_0369,Bhavanipuram,16.50625,80.59995,21.3,4.84,21.6,3.3,544.8,544.8,544.8,Urban High Density,0.73,9.42,0.65,0,0.0,0.0
VJA,VJA_0370,One Town / Indrakeeladri Hills,16.50625,80.60465,95.2,5.02,9.4,3.55,91.4,91.4,91.4,Urban High Density,0.74,15.77,0.84,0,0.0,0.0
VJA,VJA_0371,One Town / Indrakeeladri Hills,16.50625,80.60935,80.2,5.23,5.0,3.34,471.2,471.2,471.2,Urban High Density,0.84,9.68,0.67,0,0.0,0.0
VJA,VJA_0372,One Town / Indrakeeladri Hills,16.50625,80.61405,74.4,3.06,7.8,3.53,131.2,131.2,131.2,Urban High Density,0.71,9.72,0.86,0,0.0,0.0
VJA,VJA_0373,Governorpet / Gandhinagar,16.50625,80.61875,23.7,0.78,15.4,3.49,192.6,192.6,192.6,Urban High Density,0.77,10.27,0.8,3,0.3,82.2
VJA,VJA_0374,Governorpet / Gandhinagar,16.50625,80.62345,19.4,1.3,30.0,3.38,393.2,393.2,393.2,Urban High Density,0.84,16.36,0.68,5,0.5,86.4
VJA,VJA_0375,Governorpet / Gandhinagar,16.50625,80.62815,20.3,3.4,24.6,3.11,879.9,879.9,879.9,Urban High Density,0.78,14.93,0.76,4,0.4,91.5
VJA,VJA_0376,Krishnalanka (Riverfront),16.50625,80.63285,15.9,3.44,41.6,2.83,1377.0,1377.0,1377.0,Urban High Density,0.77,14.17,0.81,4,0.4,72.4
VJA,VJA_0377,Krishnalanka (Riverfront),16.50625,80.63755,14.6,0.49,46.7,2.74,1551.1,1551.1,1551.1,Urban High Density,0.89,10.04,0.72,3,0.3,91.2
VJA,VJA_0378,Krishnalanka (Riverfront),16.50625,80.64225,18.0,2.27,33.1,2.74,1547.6,1547.6,1547.6,Urban High Density,0.78,14.87,0.85,5,0.5,75.1
VJA,VJA_0379,Patamata / Benz Circle,16.50625,80.64695,23.7,5.43,10.2,2.66,1699.0,1699.0,1699.0,Urban High Density,0.79,14.69,0.64,0,0.0,0.0
VJA,VJA_0380,Patamata / Benz Circle,16.50625,80.65165,21.8,5.86,17.7,2.51,1969.8,1969.8,1969.8,Urban High Density,0.91,14.93,0.73,0,0.0,0.0
VJA,VJA_0381,Patamata / Benz Circle,16.50625,80.65635,20.3,6.07,23.5,2.31,2318.6,2318.6,2318.6,Urban High Density,0.78,10.67,0.74,0,0.0,0.0
VJA,VJA_0382,Patamata / Benz Circle,16.50625,80.66105,21.5,4.4,18.6,2.09,2715.4,2715.4,2715.4,Urban High Density,0.82,14.21,0.84,0,0.0,0.0
VJA,VJA_0383,Patamata / Benz Circle,16.50625,80.66575,25.9,4.31,5.0,1.86,3129.8,3129.8,3129.8,Urban Medium Density,0.54,8.99,0.58,0,0.0,0.0
VJA,VJA_0384,Patamata / Benz Circle,16.50625,80.67045,23.7,4.17,9.8,2.03,2826.6,2826.6,2826.6,Urban Medium Density,0.5,6.8,0.36,0,0.0,0.0
VJA,VJA_0385,Patamata / Benz Circle,16.50625,80.67515,22.5,6.73,14.7,2.16,2585.8,2585.8,2585.8,Urban Medium Density,0.46,5.33,0.36,0,0.0,0.0
VJA,VJA_0386,Patamata / Benz Circle,16.50625,80.67985,21.6,3.27,18.3,2.25,2425.9,2425.9,2425.9,Urban Medium Density,0.54,8.47,0.45,0,0.0,0.0
VJA,VJA_0387,Patamata / Benz Circle,16.50625,80.68455,25.6,5.94,5.0,2.29,2363.4,2363.4,2363.4,Urban Medium Density,0.57,5.78,0.58,0,0.0,0.0
VJA,VJA_0388,Gunadala,16.50625,80.68925,21.4,0.65,19.1,2.26,2405.9,2405.9,2405.9,Urban Medium Density,0.55,8.18,0.48,1,0.1,59.6
VJA,VJA_0389,Gunadala,16.50625,80.69395,18.9,1.56,29.1,2.18,2548.3,2548.3,2548.3,Urban Medium Density,0.58,7.22,0.58,2,0.2,41.3
VJA,VJA_0390,Gunadala,16.50625,80.69865,21.4,2.57,19.1,2.13,2644.8,2644.8,2644.8,Urban Medium Density,0.58,5.33,0.55,1,0.1,52.6
VJA,VJA_0391,Bhavanipuram,16.51075,80.56235,19.7,2.88,26.2,2.62,1769.2,1769.2,1769.2,Urban Medium Density,0.6,8.25,0.41,0,0.0,0.0
VJA,VJA_0392,Bhavanipuram,16.51075,80.56705,20.0,6.56,24.9,2.54,1905.8,1905.8,1905.8,Urban Medium Density,0.53,6.48,0.42,0,0.0,0.0
VJA,VJA_0393,Bhavanipuram,16.51075,80.57175,23.1,4.86,12.4,2.4,2153.2,2153.2,2153.2,Urban Medium Density,0.48,6.66,0.45,0,0.0,0.0
VJA,VJA_0394,Bhavanipuram,16.51075,80.57645,20.4,6.31,23.1,2.22,2478.5,2478.5,2478.5,Urban Medium Density,0.54,6.86,0.45,0,0.0,0.0
VJA,VJA_0395,Bhavanipuram,16.51075,80.58115,21.9,5.67,17.1,2.17,2576.6,2576.6,2576.6,Urban Medium Density,0.69,7.4,0.58,0,0.0,0.0
VJA,VJA_0396,Bhavanipuram,16.51075,80.58585,24.6,7.09,6.4,2.44,2083.7,2083.7,2083.7,Urban Medium Density,0.68,8.7,0.57,0,0.0,0.0
VJA,VJA_0397,Bhavanipuram,16.51075,80.59055,21.9,5.81,17.5,2.71,1596.0,1596.0,1596.0,Urban High Density,0.86,15.43,0.72,0,0.0,0.0
VJA,VJA_0398,Bhavanipuram,16.51075,80.59525,23.2,6.07,12.7,2.98,1120.0,1120.0,1120.0,Urban High Density,0.9,9.01,0.85,0,0.0,0.0
VJA,VJA_0399,Bhavanipuram,16.51075,80.59995,24.3,2.94,9.1,3.22,681.0,681.0,681.0,Urban High Density,0.83,15.47,0.85,0,0.0,0.0
VJA,VJA_0400,One Town / Indrakeeladri Hills,16.51075,80.60465,100.2,6.04,5.0,3.37,418.6,418.6,418.6,Urban High Density,0.7,12.42,0.64,0,0.0,0.0
VJA,VJA_0401,One Town / Indrakeeladri Hills,16.51075,80.60935,80.2,7.31,5.0,3.25,623.7,623.7,623.7,Urban High Density,0.74,12.61,0.6,0,0.0,0.0
VJA,VJA_0402,One Town / Indrakeeladri Hills,16.51075,80.61405,97.0,3.49,5.0,3.36,429.1,429.1,429.1,Urban High Density,0.72,10.48,0.69,0,0.0,0.0
VJA,VJA_0403,Governorpet / Gandhinagar,16.51075,80.61875,22.2,1.92,17.9,3.28,577.7,577.7,577.7,Urban High Density,0.86,11.16,0.61,4,0.4,86.1
VJA,VJA_0404,Governorpet / Gandhinagar,16.51075,80.62345,19.5,0.64,28.1,3.19,737.6,737.6,737.6,Urban High Density,0.9,11.11,0.63,4,0.4,67.2
VJA,VJA_0405,Governorpet / Gandhinagar,16.51075,80.62815,22.1,0.87,17.1,3.0,1078.8,1078.8,1078.8,Urban High Density,0.82,11.86,0.84,4,0.4,81.2
VJA,VJA_0406,Governorpet / Gandhinagar,16.51075,80.63285,19.1,0.56,28.9,2.89,1280.2,1280.2,1280.2,Urban High Density,0.92,16.11,0.7,4,0.4,78.0
VJA,VJA_0407,Governorpet / Gandhinagar,16.51075,80.63755,20.0,3.4,25.6,3.01,1061.2,1061.2,1061.2,Urban High Density,0.74,14.29,0.63,5,0.5,77.5
VJA,VJA_0408,Governorpet / Gandhinagar,16.51075,80.64225,21.2,2.33,20.8,3.01,1056.2,1056.2,1056.2,Urban High Density,0.8,11.0,0.79,4,0.4,80.8
VJA,VJA_0409,Patamata / Benz Circle,16.51075,80.64695,22.4,7.65,15.7,2.9,1267.6,1267.6,1267.6,Urban High Density,0.84,10.49,0.71,0,0.0,0.0
VJA,VJA_0410,Patamata / Benz Circle,16.51075,80.65165,23.9,2.64,9.5,2.7,1612.6,1612.6,1612.6,Urban High Density,0.85,10.65,0.74,0,0.0,0.0
VJA,VJA_0411,Patamata / Benz Circle,16.51075,80.65635,24.8,8.55,5.6,2.48,2023.9,2023.9,2023.9,Urban High Density,0.86,9.86,0.83,0,0.0,0.0
VJA,VJA_0412,Patamata / Benz Circle,16.51075,80.66105,22.9,6.09,13.1,2.23,2468.6,2468.6,2468.6,Urban High Density,0.73,10.15,0.74,0,0.0,0.0
VJA,VJA_0413,Gunadala,16.51075,80.66575,18.2,2.06,31.8,1.97,2931.5,2931.5,2931.5,Urban Medium Density,0.68,5.55,0.41,1,0.1,49.9
VJA,VJA_0414,Gunadala,16.51075,80.67045,20.6,3.11,22.1,1.79,3256.5,3256.5,3256.5,Urban Medium Density,0.55,8.19,0.46,2,0.2,30.5
VJA,VJA_0415,Gunadala,16.51075,80.67515,22.3,1.93,15.4,1.91,3049.8,3049.8,3049.8,Urban Medium Density,0.65,6.44,0.48,1,0.1,43.8
VJA,VJA_0416,Gunadala,16.51075,80.67985,21.7,2.07,17.8,1.98,2915.4,2915.4,2915.4,Urban Medium Density,0.57,8.96,0.38,1,0.1,52.0
VJA,VJA_0417,Gunadala,16.51075,80.68455,18.2,2.24,31.8,2.1,2700.8,2700.8,2700.8,Urban Medium Density,0.61,5.8,0.58,2,0.2,40.5
VJA,VJA_0418,Gunadala,16.51075,80.68925,19.9,1.84,25.1,2.25,2428.0,2428.0,2428.0,Urban Medium Density,0.56,5.8,0.36,1,0.1,46.8
VJA,VJA_0419,Gunadala,16.51075,80.69395,21.2,3.39,20.0,2.36,2235.6,2235.6,2235.6,Urban Medium Density,0.62,5.51,0.36,2,0.2,44.4
VJA,VJA_0420,Gunadala,16.51075,80.69865,18.0,3.25,32.8,2.41,2145.3,2145.3,2145.3,Urban Medium Density,0.52,6.19,0.57,1,0.1,51.6
VJA,VJA_0421,Bhavanipuram,16.51525,80.56235,19.6,3.39,26.4,2.34,2265.6,2265.6,2265.6,Urban Medium Density,0.5,7.66,0.41,0,0.0,0.0
VJA,VJA_0422,Bhavanipuram,16.51525,80.56705,22.3,3.8,15.5,2.28,2373.8,2373.8,2373.8,Urban Medium Density,0.62,6.83,0.45,0,0.0,0.0
VJA,VJA_0423,Bhavanipuram,16.51525,80.57175,21.2,7.93,19.9,2.17,2576.7,2576.7,2576.7,Urban Medium Density,0.6,6.74,0.5,0,0.0,0.0
VJA,VJA_0424,Bhavanipuram,16.51525,80.57645,19.6,6.57,26.2,2.01,2854.1,2854.1,2854.1,Urban Medium Density,0.46,7.58,0.39,0,0.0,0.0
VJA,VJA_0425,Bhavanipuram,16.51525,80.58115,20.3,2.72,23.4,2.1,2703.1,2703.1,2703.1,Urban Medium Density,0.58,7.36,0.52,0,0.0,0.0
VJA,VJA_0426,Bhavanipuram,16.51525,80.58585,24.4,6.64,7.2,2.36,2238.2,2238.2,2238.2,Urban Medium Density,0.54,8.53,0.37,0,0.0,0.0
VJA,VJA_0427,Bhavanipuram,16.51525,80.59055,22.9,3.92,13.4,2.6,1793.0,1793.0,1793.0,Urban Medium Density,0.56,8.2,0.37,0,0.0,0.0
VJA,VJA_0428,Bhavanipuram,16.51525,80.59525,24.3,7.54,8.0,2.83,1386.4,1386.4,1386.4,Urban High Density,0.71,13.03,0.75,0,0.0,0.0
VJA,VJA_0429,Bhavanipuram,16.51525,80.59995,24.1,7.05,9.1,3.01,1063.7,1063.7,1063.7,Urban High Density,0.72,12.03,0.84,0,0.0,0.0
VJA,VJA_0430,One Town / Indrakeeladri Hills,16.51525,80.60465,100.0,4.64,5.0,3.09,918.1,918.1,918.1,Urban High Density,0.91,11.33,0.81,0,0.0,0.0
VJA,VJA_0431,One Town / Indrakeeladri Hills,16.51525,80.60935,98.3,2.66,5.0,3.03,1027.9,1027.9,1027.9,Urban High Density,0.85,12.84,0.84,0,0.0,0.0
VJA,VJA_0432,One Town / Indrakeeladri Hills,16.51525,80.61405,78.5,3.94,5.0,3.09,922.9,922.9,922.9,Urban High Density,0.79,14.98,0.62,0,0.0,0.0
VJA,VJA_0433,One Town / Indrakeeladri Hills,16.51525,80.61875,72.7,8.69,5.0,3.04,1000.7,1000.7,1000.7,Urban High Density,0.72,15.88,0.71,0,0.0,0.0
VJA,VJA_0434,Governorpet / Gandhinagar,16.51525,80.62345,22.7,1.93,14.6,2.93,1197.6,1197.6,1197.6,Urban High Density,0.72,12.88,0.72,5,0.5,77.5
VJA,VJA_0435,Governorpet / Gandhinagar,16.51525,80.62815,20.7,1.13,22.4,2.84,1369.3,1369.3,1369.3,Urban High Density,0.94,11.72,0.86,5,0.5,82.4
VJA,VJA_0436,Governorpet / Gandhinagar,16.51525,80.63285,22.6,1.29,15.4,3.08,927.3,927.3,927.3,Urban High Density,0.75,9.58,0.76,5,0.5,89.3
VJA,VJA_0437,Governorpet / Gandhinagar,16.51525,80.63755,19.8,2.87,27.4,3.27,589.2,589.2,589.2,Urban High Density,0.78,15.65,0.71,4,0.4,87.7
VJA,VJA_0438,Governorpet / Gandhinagar,16.51525,80.64225,23.3,0.79,13.4,3.28,580.1,580.1,580.1,Urban High Density,0.88,15.83,0.61,4,0.4,93.9
VJA,VJA_0439,Gunadala,16.51525,80.64695,18.5,0.4,31.8,3.09,909.9,909.9,909.9,Urban High Density,0.76,9.17,0.82,5,0.5,82.6
VJA,VJA_0440,Gunadala,16.51525,80.65165,20.5,3.46,23.2,2.85,1349.6,1349.6,1349.6,Urban High Density,0.75,9.52,0.86,5,0.5,68.2
VJA,VJA_0441,Gunadala,16.51525,80.65635,19.4,3.04,27.3,2.59,1821.3,1821.3,1821.3,Urban High Density,0.81,15.74,0.8,1,0.1,54.3
VJA,VJA_0442,Gunadala,16.51525,80.66105,19.3,1.39,27.5,2.32,2305.4,2305.4,2305.4,Urban High Density,0.93,14.44,0.62,2,0.2,39.2
VJA,VJA_0443,Gunadala,16.51525,80.66575,22.9,2.56,13.0,2.05,2795.5,2795.5,2795.5,Urban Medium Density,0.55,8.19,0.59,1,0.1,31.5
VJA,VJA_0444,Gunadala,16.51525,80.67045,20.4,2.66,22.9,1.77,3288.8,3288.8,3288.8,Urban Medium Density,0.69,6.13,0.36,1,0.1,46.1
VJA,VJA_0445,Gunadala,16.51525,80.67515,20.8,3.36,21.4,1.87,3115.7,3115.7,3115.7,Urban Medium Density,0.48,6.93,0.46,1,0.1,33.6
VJA,VJA_0446,Gunadala,16.51525,80.67985,21.2,2.34,19.8,2.1,2702.6,2702.6,2702.6,Urban Medium Density,0.64,8.37,0.5,1,0.1,54.0
VJA,VJA_0447,Gunadala,16.51525,80.68455,19.7,3.27,25.9,2.31,2324.4,2324.4,2324.4,Urban Medium Density,0.54,7.44,0.49,2,0.2,54.3
VJA,VJA_0448,Gunadala,16.51525,80.68925,20.3,3.49,23.7,2.49,2000.8,2000.8,2000.8,Urban Medium Density,0.65,6.16,0.48,1,0.1,45.7
VJA,VJA_0449,Gunadala,16.51525,80.69395,21.6,2.67,18.6,2.62,1762.4,1762.4,1762.4,Urban Medium Density,0.49,6.22,0.58,4,0.4,91.8
VJA,VJA_0450,Gunadala,16.51525,80.69865,19.9,1.12,25.4,2.69,1646.4,1646.4,1646.4,Urban Medium Density,0.61,5.46,0.49,4,0.4,85.0
VJA,VJA_0451,Bhavanipuram,16.51975,80.56235,21.0,6.75,20.6,2.06,2763.5,2763.5,2763.5,Urban Medium Density,0.48,6.2,0.36,0,0.0,0.0
VJA,VJA_0452,Bhavanipuram,16.51975,80.56705,20.8,3.64,21.4,2.02,2852.9,2852.9,2852.9,Urban Medium Density,0.53,5.78,0.59,0,0.0,0.0
VJA,VJA_0453,Bhavanipuram,16.51975,80.57175,22.7,6.07,13.8,1.92,3023.8,3023.8,3023.8,Urban Medium Density,0.57,5.33,0.59,0,0.0,0.0
VJA,VJA_0454,Bhavanipuram,16.51975,80.57645,22.8,8.2,13.3,1.79,3263.4,3263.4,3263.4,Urban Medium Density,0.53,6.99,0.37,0,0.0,0.0
VJA,VJA_0455,Bhavanipuram,16.51975,80.58115,19.3,7.66,27.4,1.98,2911.2,2911.2,2911.2,Urban Medium Density,0.48,5.3,0.56,0,0.0,0.0
VJA,VJA_0456,Bhavanipuram,16.51975,80.58585,22.1,6.32,16.3,2.22,2485.5,2485.5,2485.5,Urban Medium Density,0.49,8.11,0.46,0,0.0,0.0
VJA,VJA_0457,Bhavanipuram,16.51975,80.59055,20.5,4.32,22.8,2.44,2093.6,2093.6,2093.6,Urban Medium Density,0.6,6.51,0.43,0,0.0,0.0
VJA,VJA_0458,Bhavanipuram,16.51975,80.59525,23.3,7.91,11.8,2.62,1758.0,1758.0,1758.0,Urban High Density,0.7,10.67,0.71,0,0.0,0.0
VJA,VJA_0459,Bhavanipuram,16.51975,80.59995,24.7,6.55,6.3,2.76,1516.5,1516.5,1516.5,Urban High Density,0.94,13.42,0.65,0,0.0,0.0
VJA,VJA_0460,One Town / Indrakeeladri Hills,16.51975,80.60465,95.7,5.5,5.0,2.81,1418.2,1418.2,1418.2,Urban High Density,0.82,13.89,0.72,0,0.0,0.0
VJA,VJA_0461,One Town / Indrakeeladri Hills,16.51975,80.60935,95.0,6.87,5.0,2.77,1491.7,1491.7,1491.7,Urban High Density,0.71,12.88,0.66,0,0.0,0.0
VJA,VJA_0462,One Town / Indrakeeladri Hills,16.51975,80.61405,81.8,5.33,5.0,2.81,1421.3,1421.3,1421.3,Urban High Density,0.89,11.34,0.84,0,0.0,0.0
VJA,VJA_0463,One Town / Indrakeeladri Hills,16.51975,80.61875,97.1,2.74,5.0,2.78,1473.0,1473.0,1473.0,Urban High Density,0.8,15.96,0.63,0,0.0,0.0
VJA,VJA_0464,Governorpet / Gandhinagar,16.51975,80.62345,22.5,0.78,15.0,2.67,1679.7,1679.7,1679.7,Urban High Density,0.7,10.9,0.74,4,0.4,67.6
VJA,VJA_0465,Governorpet / Gandhinagar,16.51975,80.62815,23.4,2.47,11.7,2.9,1263.6,1263.6,1263.6,Urban High Density,0.81,15.06,0.8,3,0.3,74.0
VJA,VJA_0466,Governorpet / Gandhinagar,16.51975,80.63285,19.4,0.53,28.5,3.18,762.7,762.7,762.7,Urban High Density,0.72,13.15,0.85,4,0.4,65.2
VJA,VJA_0467,Governorpet / Gandhinagar,16.51975,80.63755,20.9,2.09,25.4,3.45,262.7,262.7,262.7,Urban High Density,0.76,9.49,0.85,5,0.5,92.8
VJA,VJA_0468,Governorpet / Gandhinagar,16.51975,80.64225,21.7,0.35,22.5,3.47,241.5,241.5,241.5,Urban High Density,0.78,15.77,0.68,4,0.4,74.4
VJA,VJA_0469,Gunadala,16.51975,80.64695,22.0,2.02,18.1,3.19,741.4,741.4,741.4,Urban High Density,0.73,11.74,0.62,4,0.4,80.9
VJA,VJA_0470,Gunadala,16.51975,80.65165,21.7,0.78,18.5,2.91,1242.3,1242.3,1242.3,Urban High Density,0.8,14.92,0.77,4,0.4,79.9
VJA,VJA_0471,Gunadala,16.51975,80.65635,19.7,1.12,26.2,2.63,1743.2,1743.2,1743.2,Urban High Density,0.81,9.22,0.82,5,0.5,79.1
VJA,VJA_0472,Gunadala,16.51975,80.66105,19.5,2.52,26.8,2.35,2244.2,2244.2,2244.2,Urban High Density,0.9,9.04,0.64,2,0.2,53.7
VJA,VJA_0473,Gunadala,16.51975,80.66575,19.9,2.61,25.0,2.07,2745.2,2745.2,2745.2,Urban Medium Density,0.51,8.38,0.59,1,0.1,49.9
VJA,VJA_0474,Gunadala,16.51975,80.67045,21.0,3.33,20.6,1.92,3020.6,3020.6,3020.6,Urban Medium Density,0.47,7.08,0.58,2,0.2,31.6
VJA,VJA_0475,Gunadala,16.51975,80.67515,19.3,3.33,27.4,2.0,2883.8,2883.8,2883.8,Urban Medium Density,0.59,6.09,0.56,1,0.1,38.4
VJA,VJA_0476,Gunadala,16.51975,80.67985,21.7,2.29,17.9,2.25,2431.7,2431.7,2431.7,Urban Medium Density,0.59,7.84,0.58,1,0.1,49.5
VJA,VJA_0477,Gunadala,16.51975,80.68455,21.6,1.92,18.5,2.49,2002.9,2002.9,2002.9,Urban Medium Density,0.61,8.77,0.42,2,0.2,57.0
VJA,VJA_0478,Gunadala,16.51975,80.68925,18.8,2.06,29.8,2.7,1616.3,1616.3,1616.3,Urban Medium Density,0.57,8.2,0.46,5,0.5,80.3
VJA,VJA_0479,Gunadala,16.51975,80.69395,20.9,2.09,21.7,2.87,1309.6,1309.6,1309.6,Urban Medium Density,0.6,7.23,0.4,5,0.5,94.8
VJA,VJA_0480,Gunadala,16.51975,80.69865,21.4,3.42,19.8,2.96,1148.8,1148.8,1148.8,Urban Medium Density,0.63,8.06,0.39,5,0.5,69.7
VJA,VJA_0481,Bhavanipuram,16.52425,80.56235,23.4,3.04,10.9,1.79,3262.1,3262.1,3262.1,Urban Medium Density,0.54,6.2,0.53,0,0.0,0.0
VJA,VJA_0482,Bhavanipuram,16.52425,80.56705,21.0,6.21,20.5,1.75,3338.2,3338.2,3338.2,Urban Medium Density,0.68,6.82,0.46,0,0.0,0.0
VJA,VJA_0483,Bhavanipuram,16.52425,80.57175,20.1,5.83,24.1,1.66,3485.3,3485.3,3485.3,Urban Medium Density,0.53,5.11,0.42,0,0.0,0.0
VJA,VJA_0484,Bhavanipuram,16.52425,80.57645,23.9,4.46,8.9,1.6,3597.6,3597.6,3597.6,Urban Medium Density,0.53,7.99,0.39,0,0.0,0.0
VJA,VJA_0485,Bhavanipuram,16.52425,80.58115,20.2,3.52,23.7,1.83,3184.9,3184.9,3184.9,Urban Medium Density,0.49,6.6,0.53,0,0.0,0.0
VJA,VJA_0486,Bhavanipuram,16.52425,80.58585,20.0,2.61,24.6,2.04,2801.2,2801.2,2801.2,Urban Medium Density,0.47,7.69,0.47,0,0.0,0.0
VJA,VJA_0487,Bhavanipuram,16.52425,80.59055,19.5,7.5,26.7,2.23,2460.1,2460.1,2460.1,Urban Medium Density,0.67,7.84,0.44,0,0.0,0.0
VJA,VJA_0488,Bhavanipuram,16.52425,80.59525,19.1,7.99,28.4,2.39,2181.6,2181.6,2181.6,Urban High Density,0.8,11.65,0.8,0,0.0,0.0
VJA,VJA_0489,Bhavanipuram,16.52425,80.59995,21.8,8.91,17.7,2.49,1992.2,1992.2,1992.2,Urban High Density,0.86,16.27,0.7,0,0.0,0.0
VJA,VJA_0490,One Town / Indrakeeladri Hills,16.52425,80.60465,64.2,8.97,5.0,2.53,1918.5,1918.5,1918.5,Urban High Density,0.88,9.29,0.78,0,0.0,0.0
VJA,VJA_0491,One Town / Indrakeeladri Hills,16.52425,80.60935,67.5,7.12,5.0,2.5,1973.4,1973.4,1973.4,Urban High Density,0.75,12.97,0.82,0,0.0,0.0
VJA,VJA_0492,One Town / Indrakeeladri Hills,16.52425,80.61405,104.5,6.41,5.0,2.53,1920.8,1920.8,1920.8,Urban High Density,0.89,16.24,0.72,0,0.0,0.0
VJA,VJA_0493,One Town / Indrakeeladri Hills,16.52425,80.61875,78.5,7.75,5.0,2.51,1959.3,1959.3,1959.3,Urban High Density,0.93,14.72,0.66,0,0.0,0.0
VJA,VJA_0494,Governorpet / Gandhinagar,16.52425,80.62345,21.4,2.85,19.3,2.59,1826.5,1826.5,1826.5,Urban High Density,0.91,13.16,0.76,1,0.1,42.9
VJA,VJA_0495,Governorpet / Gandhinagar,16.52425,80.62815,23.8,3.22,10.0,2.85,1348.8,1348.8,1348.8,Urban High Density,0.73,13.0,0.86,5,0.5,78.8
VJA,VJA_0496,Governorpet / Gandhinagar,16.52425,80.63285,19.1,3.04,29.4,3.1,896.8,896.8,896.8,Urban High Density,0.89,10.6,0.8,4,0.4,83.1
VJA,VJA_0497,Governorpet / Gandhinagar,16.52425,80.63755,21.3,2.92,21.6,3.3,539.9,539.9,539.9,Urban High Density,0.75,11.23,0.82,5,0.5,66.7
VJA,VJA_0498,Gunadala,16.52425,80.64225,21.9,1.92,19.3,3.31,530.0,530.0,530.0,Urban High Density,0.94,14.16,0.73,4,0.4,87.9
VJA,VJA_0499,Gunadala,16.52425,80.64695,22.9,3.24,14.2,3.11,878.8,878.8,878.8,Urban High Density,0.94,10.86,0.74,3,0.3,66.3
VJA,VJA_0500,Gunadala,16.52425,80.65165,18.0,2.2,33.3,2.86,1328.8,1328.8,1328.8,Urban High Density,0.94,14.33,0.64,4,0.4,79.1
VJA,VJA_0501,Gunadala,16.52425,80.65635,19.0,3.28,28.9,2.6,1805.9,1805.9,1805.9,Urban High Density,0.71,9.96,0.77,2,0.2,58.0
VJA,VJA_0502,Gunadala,16.52425,80.66105,21.9,0.91,17.2,2.33,2293.2,2293.2,2293.2,Urban High Density,0.71,11.87,0.62,2,0.2,46.9
VJA,VJA_0503,Gunadala,16.52425,80.66575,19.3,3.36,27.5,2.27,2387.3,2387.3,2387.3,Urban Medium Density,0.47,7.1,0.42,1,0.1,50.8
VJA,VJA_0504,Gunadala,16.52425,80.67045,18.1,1.58,32.3,2.18,2562.1,2562.1,2562.1,Urban Medium Density,0.48,8.69,0.52,1,0.1,56.7
VJA,VJA_0505,Gunadala,16.52425,80.67515,18.2,2.55,31.8,2.09,2725.1,2725.1,2725.1,Urban Medium Density,0.66,7.37,0.51,2,0.2,49.6
VJA,VJA_0506,Gunadala,16.52425,80.67985,21.0,0.92,20.8,2.35,2241.1,2241.1,2241.1,Urban Medium Density,0.69,8.25,0.54,1,0.1,56.8
VJA,VJA_0507,Gunadala,16.52425,80.68455,19.4,2.94,27.4,2.62,1766.7,1766.7,1766.7,Urban Medium Density,0.62,8.57,0.41,5,0.5,65.3
VJA,VJA_0508,Gunadala,16.52425,80.68925,18.9,2.89,29.7,2.87,1312.3,1312.3,1312.3,Urban Medium Density,0.57,6.0,0.47,3,0.3,87.9
VJA,VJA_0509,Gunadala,16.52425,80.69395,19.0,2.27,29.8,3.1,908.2,908.2,908.2,Urban Medium Density,0.5,5.94,0.41,3,0.3,90.6
VJA,VJA_0510,Gunadala,16.52425,80.69865,21.8,3.09,19.2,3.24,655.4,655.4,655.4,Urban Medium Density,0.59,8.59,0.53,5,0.5,94.8
VJA,VJA_0511,Bhavanipuram,16.52875,80.56235,19.4,3.73,26.9,1.51,3761.2,3761.2,3761.2,Urban Medium Density,0.64,8.58,0.51,0,0.0,0.0
VJA,VJA_0512,Bhavanipuram,16.52875,80.56705,20.4,6.41,22.9,1.47,3827.4,3827.4,3827.4,Urban Medium Density,0.66,5.69,0.6,0,0.0,0.0
VJA,VJA_0513,Bhavanipuram,16.52875,80.57175,22.4,3.02,14.8,1.4,3956.4,3956.4,3956.4,Urban Medium Density,0.6,7.97,0.4,0,0.0,0.0
VJA,VJA_0514,Bhavanipuram,16.52875,80.57645,21.6,4.69,18.1,1.44,3887.5,3887.5,3887.5,Urban Medium Density,0.49,5.84,0.6,0,0.0,0.0
VJA,VJA_0515,Bhavanipuram,16.52875,80.58115,19.6,7.48,26.1,1.65,3509.1,3509.1,3509.1,Urban Medium Density,0.47,5.01,0.47,0,0.0,0.0
VJA,VJA_0516,Bhavanipuram,16.52875,80.58585,23.4,3.54,11.0,1.84,3164.9,3164.9,3164.9,Urban Medium Density,0.51,8.69,0.55,0,0.0,0.0
VJA,VJA_0517,Bhavanipuram,16.52875,80.59055,19.4,6.23,27.0,2.01,2867.4,2867.4,2867.4,Urban Medium Density,0.52,6.14,0.42,0,0.0,0.0
VJA,VJA_0518,Bhavanipuram,16.52875,80.59525,20.3,5.23,23.5,2.14,2632.4,2632.4,2632.4,Urban High Density,0.94,15.06,0.78,0,0.0,0.0
VJA,VJA_0519,Bhavanipuram,16.52875,80.59995,24.3,8.03,7.5,2.22,2477.7,2477.7,2477.7,Urban High Density,0.82,10.41,0.86,0,0.0,0.0
VJA,VJA_0520,One Town / Indrakeeladri Hills,16.52875,80.60465,58.1,8.11,5.0,2.26,2418.8,2418.8,2418.8,Urban High Density,0.74,9.91,0.73,0,0.0,0.0
VJA,VJA_0521,One Town / Indrakeeladri Hills,16.52875,80.60935,59.5,8.28,5.0,2.23,2462.5,2462.5,2462.5,Urban High Density,0.79,15.33,0.76,0,0.0,0.0
VJA,VJA_0522,One Town / Indrakeeladri Hills,16.52875,80.61405,79.4,8.36,5.0,2.26,2420.6,2420.6,2420.6,Urban High Density,0.9,10.67,0.69,0,0.0,0.0
VJA,VJA_0523,One Town / Indrakeeladri Hills,16.52875,80.61875,82.6,5.91,5.0,2.24,2451.3,2451.3,2451.3,Urban High Density,0.93,10.63,0.75,0,0.0,0.0
VJA,VJA_0524,Ajit Singh Nagar (Budameru Basin),16.52875,80.62345,17.8,2.13,33.7,2.48,2014.8,2014.8,2014.8,Urban High Density,0.88,15.13,0.73,1,0.1,42.5
VJA,VJA_0525,Ajit Singh Nagar (Budameru Basin),16.52875,80.62815,14.5,1.55,47.1,2.71,1594.5,1594.5,1594.5,Urban High Density,0.83,13.41,0.76,4,0.4,84.7
VJA,VJA_0526,Ajit Singh Nagar (Budameru Basin),16.52875,80.63285,17.7,1.29,34.5,2.91,1236.0,1236.0,1236.0,Urban High Density,0.74,11.32,0.79,3,0.3,89.2
VJA,VJA_0527,Ajit Singh Nagar (Budameru Basin),16.52875,80.63755,15.2,2.03,44.8,3.04,1007.4,1007.4,1007.4,Urban High Density,0.85,13.68,0.65,5,0.5,83.4
VJA,VJA_0528,Ajit Singh Nagar (Budameru Basin),16.52875,80.64225,16.9,2.29,38.0,3.04,1002.1,1002.1,1002.1,Urban High Density,0.78,14.2,0.67,4,0.4,67.6
VJA,VJA_0529,Gunadala,16.52875,80.64695,18.6,2.59,31.0,2.92,1222.9,1222.9,1222.9,Urban High Density,0.81,11.12,0.82,5,0.5,94.0
VJA,VJA_0530,Gunadala,16.52875,80.65165,18.7,2.69,30.3,2.72,1577.7,1577.7,1577.7,Urban High Density,0.8,11.3,0.76,4,0.4,86.0
VJA,VJA_0531,Gunadala,16.52875,80.65635,22.6,1.25,14.5,2.57,1848.3,1848.3,1848.3,Urban High Density,0.83,15.73,0.69,1,0.1,40.1
VJA,VJA_0532,Gunadala,16.52875,80.66105,19.9,2.83,25.3,2.59,1810.4,1810.4,1810.4,Urban High Density,0.71,10.75,0.77,1,0.1,34.5
VJA,VJA_0533,Gunadala,16.52875,80.66575,20.5,0.76,22.9,2.54,1908.0,1908.0,1908.0,Urban Medium Density,0.65,6.41,0.42,1,0.1,38.7
VJA,VJA_0534,Gunadala,16.52875,80.67045,20.5,1.68,22.8,2.42,2122.7,2122.7,2122.7,Urban Medium Density,0.66,7.19,0.37,1,0.1,49.5
VJA,VJA_0535,Gunadala,16.52875,80.67515,19.5,3.49,26.7,2.25,2423.4,2423.4,2423.4,Urban Medium Density,0.48,6.71,0.48,1,0.1,50.8
VJA,VJA_0536,Gunadala,16.52875,80.67985,22.7,2.23,14.0,2.4,2152.5,2152.5,2152.5,Urban Medium Density,0.67,7.25,0.39,2,0.2,55.6
VJA,VJA_0537,Gunadala,16.52875,80.68455,22.4,2.48,15.4,2.68,1652.8,1652.8,1652.8,Urban Medium Density,0.61,7.67,0.53,4,0.4,81.4
VJA,VJA_0538,Gunadala,16.52875,80.68925,19.8,0.78,26.2,2.96,1154.3,1154.3,1154.3,Urban Medium Density,0.69,6.61,0.49,4,0.4,65.6
VJA,VJA_0539,Gunadala,16.52875,80.69395,18.6,1.46,32.0,3.23,659.7,659.7,659.7,Urban Medium Density,0.58,5.55,0.59,4,0.4,73.4
VJA,VJA_0540,Gunadala,16.52875,80.69865,21.6,0.81,23.6,3.49,200.1,200.1,200.1,Urban Medium Density,0.54,7.22,0.36,3,0.3,65.3
VJA,VJA_0541,Bhavanipuram,16.53325,80.56235,22.4,7.79,14.9,1.45,3872.1,3872.1,3872.1,Urban Medium Density,0.56,6.01,0.59,0,0.0,0.0
VJA,VJA_0542,Bhavanipuram,16.53325,80.56705,24.3,4.34,7.2,1.41,3936.4,3936.4,3936.4,Urban Medium Density,0.62,5.5,0.51,0,0.0,0.0
VJA,VJA_0543,Bhavanipuram,16.53325,80.57175,23.1,6.01,12.0,1.34,4061.9,4061.9,4061.9,Urban Medium Density,0.67,8.61,0.38,0,0.0,0.0
VJA,VJA_0544,Bhavanipuram,16.53325,80.57645,24.3,3.67,7.3,1.44,3892.1,3892.1,3892.1,Urban Medium Density,0.55,6.74,0.48,0,0.0,0.0
VJA,VJA_0545,Bhavanipuram,16.53325,80.58115,22.7,6.09,13.7,1.61,3589.5,3589.5,3589.5,Urban Medium Density,0.61,5.5,0.36,0,0.0,0.0
VJA,VJA_0546,Bhavanipuram,16.53325,80.58585,19.9,3.76,24.9,1.75,3335.0,3335.0,3335.0,Urban Medium Density,0.69,7.12,0.42,0,0.0,0.0
VJA,VJA_0547,Bhavanipuram,16.53325,80.59055,23.6,4.21,10.2,1.86,3140.4,3140.4,3140.4,Urban Medium Density,0.64,5.08,0.58,0,0.0,0.0
VJA,VJA_0548,Bhavanipuram,16.53325,80.59525,23.5,5.89,10.6,1.92,3017.2,3017.2,3017.2,Urban Medium Density,0.68,6.86,0.5,0,0.0,0.0
VJA,VJA_0549,Bhavanipuram,16.53325,80.59995,22.0,8.85,16.6,1.95,2968.1,2968.1,2968.1,Urban High Density,0.86,15.32,0.8,0,0.0,0.0
VJA,VJA_0550,One Town / Indrakeeladri Hills,16.53325,80.60465,82.5,8.25,5.0,1.98,2919.1,2919.1,2919.1,Urban High Density,0.87,11.51,0.63,0,0.0,0.0
VJA,VJA_0551,One Town / Indrakeeladri Hills,16.53325,80.60935,78.4,7.17,5.0,1.96,2955.5,2955.5,2955.5,Urban High Density,0.79,15.7,0.73,0,0.0,0.0
VJA,VJA_0552,One Town / Indrakeeladri Hills,16.53325,80.61405,94.1,2.96,5.0,2.11,2690.2,2690.2,2690.2,Urban High Density,0.8,12.07,0.72,0,0.0,0.0
VJA,VJA_0553,Ajit Singh Nagar (Budameru Basin),16.53325,80.61875,16.7,3.18,37.9,2.26,2405.2,2405.2,2405.2,Urban High Density,0.79,10.86,0.76,2,0.2,58.0
VJA,VJA_0554,Ajit Singh Nagar (Budameru Basin),16.53325,80.62345,14.6,1.97,46.4,2.38,2198.7,2198.7,2198.7,Urban High Density,0.75,12.05,0.87,1,0.1,45.7
VJA,VJA_0555,Ajit Singh Nagar (Budameru Basin),16.53325,80.62815,14.6,0.31,46.5,2.52,1940.7,1940.7,1940.7,Urban High Density,0.78,14.95,0.74,2,0.2,59.9
VJA,VJA_0556,Ajit Singh Nagar (Budameru Basin),16.53325,80.63285,16.7,2.61,38.2,2.68,1658.8,1658.8,1658.8,Urban High Density,0.94,11.01,0.85,4,0.4,81.6
VJA,VJA_0557,Ajit Singh Nagar (Budameru Basin),16.53325,80.63755,16.9,2.36,37.5,2.77,1496.3,1496.3,1496.3,Urban High Density,0.85,13.79,0.68,3,0.3,78.5
VJA,VJA_0558,Ajit Singh Nagar (Budameru Basin),16.53325,80.64225,16.0,1.87,41.1,2.77,1492.7,1492.7,1492.7,Urban High Density,0.93,10.1,0.83,4,0.4,90.8
VJA,VJA_0559,Ajit Singh Nagar (Budameru Basin),16.53325,80.64695,17.3,2.41,35.8,2.68,1649.1,1649.1,1649.1,Urban High Density,0.77,11.14,0.76,4,0.4,73.3
VJA,VJA_0560,Gunadala,16.53325,80.65165,22.5,1.3,15.1,2.72,1580.9,1580.9,1580.9,Urban High Density,0.83,15.94,0.81,5,0.5,92.5
VJA,VJA_0561,Gunadala,16.53325,80.65635,21.6,3.26,18.8,2.84,1363.2,1363.2,1363.2,Urban High Density,0.89,9.96,0.71,3,0.3,91.0
VJA,VJA_0562,Gunadala,16.53325,80.66105,19.6,0.81,26.9,2.87,1311.3,1311.3,1311.3,Urban Medium Density,0.62,5.07,0.54,4,0.4,91.3
VJA,VJA_0563,Gunadala,16.53325,80.66575,22.1,2.1,16.8,2.8,1443.2,1443.2,1443.2,Urban Medium Density,0.48,5.01,0.57,5,0.5,90.7
VJA,VJA_0564,Gunadala,16.53325,80.67045,20.1,3.24,24.6,2.65,1716.9,1716.9,1716.9,Urban Medium Density,0.5,7.01,0.49,3,0.3,72.3
VJA,VJA_0565,Gunadala,16.53325,80.67515,21.8,3.12,17.6,2.45,2077.2,2077.2,2077.2,Urban Medium Density,0.66,7.28,0.37,1,0.1,50.9
VJA,VJA_0566,Gunadala,16.53325,80.67985,20.0,0.95,24.8,2.39,2178.1,2178.1,2178.1,Urban Medium Density,0.49,5.79,0.43,2,0.2,42.4
VJA,VJA_0567,Gunadala,16.53325,80.68455,19.3,0.51,27.8,2.66,1686.1,1686.1,1686.1,Urban Medium Density,0.58,5.3,0.52,3,0.3,80.0
VJA,VJA_0568,Gunadala,16.53325,80.68925,21.2,0.41,20.6,2.93,1201.6,1201.6,1201.6,Urban Medium Density,0.65,6.78,0.39,4,0.4,71.6
VJA,VJA_0569,Gunadala,16.53325,80.69395,20.3,2.8,24.9,3.19,739.3,739.3,739.3,Urban Medium Density,0.67,7.45,0.47,5,0.5,79.3
VJA,VJA_0570,Gunadala,16.53325,80.69865,20.7,1.17,24.9,3.38,389.0,389.0,389.0,Urban Medium Density,0.46,6.28,0.45,3,0.3,94.4
VJA,VJA_0571,Bhavanipuram,16.53775,80.56235,24.5,3.64,6.5,1.73,3373.0,3373.0,3373.0,Urban Medium Density,0.55,5.61,0.51,0,0.0,0.0
VJA,VJA_0572,Bhavanipuram,16.53775,80.56705,20.1,5.19,24.1,1.69,3446.6,3446.6,3446.6,Urban Medium Density,0.65,5.96,0.58,0,0.0,0.0
VJA,VJA_0573,Bhavanipuram,16.53775,80.57175,21.8,4.35,17.3,1.61,3589.2,3589.2,3589.2,Urban Medium Density,0.64,7.49,0.46,0,0.0,0.0
VJA,VJA_0574,Bhavanipuram,16.53775,80.57645,23.0,3.11,12.5,1.64,3524.5,3524.5,3524.5,Urban Medium Density,0.59,8.35,0.44,0,0.0,0.0
VJA,VJA_0575,Bhavanipuram,16.53775,80.58115,19.8,7.59,25.3,1.83,3187.2,3187.2,3187.2,Urban Medium Density,0.48,5.81,0.57,0,0.0,0.0
VJA,VJA_0576,Bhavanipuram,16.53775,80.58585,24.3,8.3,7.4,1.99,2897.6,2897.6,2897.6,Urban Medium Density,0.47,6.16,0.58,0,0.0,0.0
VJA,VJA_0577,Bhavanipuram,16.53775,80.59055,19.5,8.98,26.6,2.12,2671.3,2671.3,2671.3,Urban Medium Density,0.54,8.67,0.59,0,0.0,0.0
VJA,VJA_0578,Bhavanipuram,16.53775,80.59525,19.5,4.1,26.7,2.2,2525.4,2525.4,2525.4,Urban Medium Density,0.52,5.67,0.58,0,0.0,0.0
VJA,VJA_0579,Bhavanipuram,16.53775,80.59995,19.1,8.45,28.3,2.23,2474.1,2474.1,2474.1,Urban Medium Density,0.56,7.01,0.54,0,0.0,0.0
VJA,VJA_0580,One Town / Indrakeeladri Hills,16.53775,80.60465,69.7,4.24,5.0,2.2,2523.2,2523.2,2523.2,Urban High Density,0.92,13.44,0.8,0,0.0,0.0
VJA,VJA_0581,One Town / Indrakeeladri Hills,16.53775,80.60935,58.6,6.94,5.0,2.12,2667.3,2667.3,2667.3,Urban High Density,0.79,13.39,0.63,0,0.0,0.0
VJA,VJA_0582,Ajit Singh Nagar (Budameru Basin),16.53775,80.61405,15.1,0.86,44.3,2.31,2324.0,2324.0,2324.0,Urban High Density,0.84,11.94,0.66,1,0.1,58.9
VJA,VJA_0583,Ajit Singh Nagar (Budameru Basin),16.53775,80.61875,15.8,3.2,41.7,2.5,1987.1,1987.1,1987.1,Urban High Density,0.91,12.39,0.62,2,0.2,33.7
VJA,VJA_0584,Ajit Singh Nagar (Budameru Basin),16.53775,80.62345,14.7,0.61,46.2,2.64,1731.5,1731.5,1731.5,Urban High Density,0.93,15.61,0.66,5,0.5,75.7
VJA,VJA_0585,Ajit Singh Nagar (Budameru Basin),16.53775,80.62815,15.9,2.84,41.5,2.71,1596.8,1596.8,1596.8,Urban High Density,0.93,10.14,0.63,4,0.4,86.4
VJA,VJA_0586,Ajit Singh Nagar (Budameru Basin),16.53775,80.63285,16.8,2.15,37.9,2.7,1613.4,1613.4,1613.4,Urban High Density,0.76,10.98,0.65,3,0.3,75.1
VJA,VJA_0587,Ajit Singh Nagar (Budameru Basin),16.53775,80.63755,15.5,1.16,43.0,2.61,1777.2,1777.2,1777.2,Urban High Density,0.8,10.54,0.66,4,0.4,80.1
VJA,VJA_0588,Ajit Singh Nagar (Budameru Basin),16.53775,80.64225,15.6,2.87,42.5,2.5,1988.2,1988.2,1988.2,Urban High Density,0.92,11.82,0.65,1,0.1,48.8
VJA,VJA_0589,Ajit Singh Nagar (Budameru Basin),16.53775,80.64695,15.9,0.83,41.5,2.71,1607.8,1607.8,1607.8,Urban High Density,0.87,14.45,0.7,5,0.5,70.3
VJA,VJA_0590,Gunadala,16.53775,80.65165,20.2,2.94,24.6,2.93,1200.9,1200.9,1200.9,Urban High Density,0.88,11.65,0.66,4,0.4,68.9
VJA,VJA_0591,Gunadala,16.53775,80.65635,18.9,2.74,30.2,3.1,895.1,895.1,895.1,Urban Medium Density,0.56,8.46,0.51,4,0.4,75.4
VJA,VJA_0592,Gunadala,16.53775,80.66105,19.1,2.24,29.6,3.15,813.9,813.9,813.9,Urban Medium Density,0.67,6.57,0.49,4,0.4,86.8
VJA,VJA_0593,Gunadala,16.53775,80.66575,19.4,0.56,28.0,3.04,1012.7,1012.7,1012.7,Urban Medium Density,0.7,7.55,0.37,4,0.4,65.0
VJA,VJA_0594,Gunadala,16.53775,80.67045,20.9,2.45,21.6,2.84,1375.0,1375.0,1375.0,Urban Medium Density,0.54,5.88,0.48,5,0.5,83.4
VJA,VJA_0595,Gunadala,16.53775,80.67515,18.2,1.08,32.1,2.6,1804.9,1804.9,1804.9,Urban Medium Density,0.62,5.81,0.51,1,0.1,33.0
VJA,VJA_0596,Gunadala,16.53775,80.67985,20.7,0.43,22.0,2.34,2264.2,2264.2,2264.2,Urban Medium Density,0.57,7.74,0.49,1,0.1,49.3
VJA,VJA_0597,Gunadala,16.53775,80.68455,20.0,0.63,24.9,2.58,1833.6,1833.6,1833.6,Urban Medium Density,0.51,7.52,0.44,2,0.2,50.9
VJA,VJA_0598,Gunadala,16.53775,80.68925,19.7,3.42,26.4,2.82,1401.0,1401.0,1401.0,Urban Medium Density,0.6,7.8,0.46,4,0.4,77.0
VJA,VJA_0599,Gunadala,16.53775,80.69395,18.1,1.35,33.2,3.03,1032.4,1032.4,1032.4,Urban Medium Density,0.63,8.26,0.4,3,0.3,65.2
VJA,VJA_0600,Gunadala,16.53775,80.69865,18.5,2.22,32.0,3.15,818.9,818.9,818.9,Urban Medium Density,0.62,7.13,0.35,5,0.5,71.3
VJA,VJA_0601,Bhavanipuram,16.54225,80.56235,21.6,3.02,18.2,2.0,2874.2,2874.2,2874.2,Urban Medium Density,0.5,8.44,0.56,0,0.0,0.0
VJA,VJA_0602,Bhavanipuram,16.54225,80.56705,21.3,5.59,19.4,1.96,2960.2,2960.2,2960.2,Urban Medium Density,0.65,7.9,0.55,0,0.0,0.0
VJA,VJA_0603,Bhavanipuram,16.54225,80.57175,24.2,6.01,7.8,1.86,3125.2,3125.2,3125.2,Urban Medium Density,0.49,7.93,0.53,0,0.0,0.0
VJA,VJA_0604,Bhavanipuram,16.54225,80.57645,23.5,6.56,10.5,1.83,3193.2,3193.2,3193.2,Urban Medium Density,0.58,7.47,0.57,0,0.0,0.0
VJA,VJA_0605,Bhavanipuram,16.54225,80.58115,24.9,5.77,5.0,2.04,2816.4,2816.4,2816.4,Urban Medium Density,0.48,7.28,0.47,0,0.0,0.0
VJA,VJA_0606,Bhavanipuram,16.54225,80.58585,24.5,2.61,6.7,2.22,2484.0,2484.0,2484.0,Urban Medium Density,0.49,6.78,0.53,0,0.0,0.0
VJA,VJA_0607,Bhavanipuram,16.54225,80.59055,22.7,7.48,14.0,2.37,2215.9,2215.9,2215.9,Urban Medium Density,0.55,6.56,0.59,0,0.0,0.0
VJA,VJA_0608,Bhavanipuram,16.54225,80.59525,23.9,4.59,9.2,2.47,2037.6,2037.6,2037.6,Urban Medium Density,0.59,5.96,0.43,0,0.0,0.0
VJA,VJA_0609,Bhavanipuram,16.54225,80.59995,23.5,8.4,10.9,2.5,1973.7,1973.7,1973.7,Urban Medium Density,0.59,6.12,0.58,0,0.0,0.0
VJA,VJA_0610,One Town / Indrakeeladri Hills,16.54225,80.60465,90.8,4.01,5.0,2.47,2035.0,2035.0,2035.0,Urban Medium Density,0.57,6.05,0.39,0,0.0,0.0
VJA,VJA_0611,Ajit Singh Nagar (Budameru Basin),16.54225,80.60935,15.4,3.2,43.2,2.37,2211.0,2211.0,2211.0,Urban High Density,0.75,16.16,0.76,2,0.2,51.3
VJA,VJA_0612,Ajit Singh Nagar (Budameru Basin),16.54225,80.61405,16.8,2.41,37.7,2.48,2016.4,2016.4,2016.4,Urban High Density,0.86,9.13,0.61,1,0.1,30.8
VJA,VJA_0613,Ajit Singh Nagar (Budameru Basin),16.54225,80.61875,15.4,0.54,43.4,2.7,1616.6,1616.6,1616.6,Urban High Density,0.71,14.75,0.68,4,0.4,69.2
VJA,VJA_0614,Ajit Singh Nagar (Budameru Basin),16.54225,80.62345,15.1,3.37,44.9,2.88,1289.5,1289.5,1289.5,Urban High Density,0.71,14.06,0.74,4,0.4,78.8
VJA,VJA_0615,Ajit Singh Nagar (Budameru Basin),16.54225,80.62815,16.3,3.02,40.3,2.99,1101.9,1101.9,1101.9,Urban High Density,0.83,15.7,0.65,4,0.4,70.3
VJA,VJA_0616,Ajit Singh Nagar (Budameru Basin),16.54225,80.63285,17.9,1.73,33.9,2.97,1125.9,1125.9,1125.9,Urban High Density,0.86,15.38,0.83,4,0.4,87.9
VJA,VJA_0617,Ajit Singh Nagar (Budameru Basin),16.54225,80.63755,17.2,2.48,36.4,2.85,1350.2,1350.2,1350.2,Urban High Density,0.9,13.88,0.61,3,0.3,85.3
VJA,VJA_0618,Ajit Singh Nagar (Budameru Basin),16.54225,80.64225,15.3,0.75,43.8,2.66,1697.1,1697.1,1697.1,Urban High Density,0.8,10.48,0.73,4,0.4,95.0
VJA,VJA_0619,Ajit Singh Nagar (Budameru Basin),16.54225,80.64695,15.0,1.68,45.2,2.81,1424.2,1424.2,1424.2,Urban High Density,0.74,13.54,0.76,5,0.5,71.1
VJA,VJA_0620,Payakapuram / Nunna,16.54225,80.65165,17.8,1.77,34.5,3.08,941.1,941.1,941.1,Urban Medium Density,0.54,7.22,0.44,3,0.3,67.4
VJA,VJA_0621,Payakapuram / Nunna,16.54225,80.65635,18.9,0.73,31.4,3.33,494.8,494.8,494.8,Urban Medium Density,0.51,7.63,0.37,5,0.5,82.6
VJA,VJA_0622,Gunadala,16.54225,80.66105,19.8,1.33,29.0,3.42,325.6,325.6,325.6,Urban Medium Density,0.54,7.84,0.51,4,0.4,78.6
VJA,VJA_0623,Gunadala,16.54225,80.66575,22.7,2.78,15.5,3.22,684.9,684.9,684.9,Urban Medium Density,0.49,5.13,0.38,5,0.5,75.2
VJA,VJA_0624,Gunadala,16.54225,80.67045,18.0,1.53,33.4,2.96,1155.1,1155.1,1155.1,Urban Medium Density,0.6,6.72,0.51,5,0.5,72.5
VJA,VJA_0625,Gunadala,16.54225,80.67515,19.6,1.03,26.6,2.69,1643.6,1643.6,1643.6,Urban Medium Density,0.57,8.08,0.43,4,0.4,90.3
VJA,VJA_0626,Gunadala,16.54225,80.67985,20.7,1.5,22.0,2.41,2137.8,2137.8,2137.8,Urban Medium Density,0.5,7.38,0.54,1,0.1,31.8
VJA,VJA_0627,Gunadala,16.54225,80.68455,19.0,1.97,29.0,2.67,1675.0,1675.0,1675.0,Urban Medium Density,0.45,8.05,0.53,4,0.4,87.3
VJA,VJA_0628,Gunadala,16.54225,80.68925,21.5,2.73,19.4,2.94,1186.0,1186.0,1186.0,Urban Medium Density,0.54,8.08,0.56,5,0.5,73.9
VJA,VJA_0629,Gunadala,16.54225,80.69395,21.6,1.74,19.8,3.2,713.7,713.7,713.7,Urban Medium Density,0.62,6.98,0.52,5,0.5,77.0
VJA,VJA_0630,Gunadala,16.54225,80.69865,22.3,2.12,18.9,3.41,338.0,338.0,338.0,Urban Medium Density,0.58,5.87,0.45,4,0.4,75.0
VJA,VJA_0631,Bhavanipuram,16.54675,80.56235,19.9,3.07,25.1,2.28,2376.1,2376.1,2376.1,Urban Medium Density,0.55,6.01,0.54,0,0.0,0.0
VJA,VJA_0632,Bhavanipuram,16.54675,80.56705,21.0,6.11,20.7,2.22,2479.5,2479.5,2479.5,Urban Medium Density,0.58,7.87,0.51,0,0.0,0.0
VJA,VJA_0633,Bhavanipuram,16.54675,80.57175,24.0,6.83,8.6,2.11,2674.3,2674.3,2674.3,Urban Medium Density,0.52,7.71,0.44,0,0.0,0.0
VJA,VJA_0634,Bhavanipuram,16.54675,80.57645,21.9,4.92,17.0,1.98,2910.6,2910.6,2910.6,Urban Medium Density,0.64,5.9,0.39,0,0.0,0.0
VJA,VJA_0635,Bhavanipuram,16.54675,80.58115,21.0,3.57,20.7,2.22,2491.5,2491.5,2491.5,Urban Medium Density,0.69,7.8,0.54,0,0.0,0.0
VJA,VJA_0636,Bhavanipuram,16.54675,80.58585,20.9,4.63,21.2,2.43,2108.4,2108.4,2108.4,Urban Medium Density,0.51,6.06,0.56,0,0.0,0.0
VJA,VJA_0637,Bhavanipuram,16.54675,80.59055,22.5,3.83,15.0,2.61,1784.7,1784.7,1784.7,Urban Medium Density,0.64,8.99,0.35,0,0.0,0.0
VJA,VJA_0638,Bhavanipuram,16.54675,80.59525,24.3,5.39,7.9,2.73,1557.9,1557.9,1557.9,Urban Medium Density,0.48,6.49,0.57,0,0.0,0.0
VJA,VJA_0639,Bhavanipuram,16.54675,80.59995,21.1,4.01,20.7,2.78,1473.3,1473.3,1473.3,Urban Medium Density,0.48,5.61,0.5,0,0.0,0.0
VJA,VJA_0640,Ajit Singh Nagar (Budameru Basin),16.54675,80.60465,17.7,2.77,34.3,2.74,1554.5,1554.5,1554.5,Urban Medium Density,0.63,5.65,0.5,4,0.4,72.4
VJA,VJA_0641,Ajit Singh Nagar (Budameru Basin),16.54675,80.60935,16.0,1.58,41.0,2.61,1778.7,1778.7,1778.7,Urban Medium Density,0.64,7.7,0.36,4,0.4,81.6
VJA,VJA_0642,Ajit Singh Nagar (Budameru Basin),16.54675,80.61405,16.2,1.83,40.1,2.6,1797.5,1797.5,1797.5,Urban Medium Density,0.57,8.71,0.5,4,0.4,70.9
VJA,VJA_0643,Ajit Singh Nagar (Budameru Basin),16.54675,80.61875,15.0,0.71,45.3,2.86,1333.7,1333.7,1333.7,Urban High Density,0.84,12.12,0.61,5,0.5,78.3
VJA,VJA_0644,Ajit Singh Nagar (Budameru Basin),16.54675,80.62345,15.8,2.66,42.6,3.09,910.1,910.1,910.1,Urban High Density,0.86,10.52,0.61,4,0.4,74.2
VJA,VJA_0645,Ajit Singh Nagar (Budameru Basin),16.54675,80.62815,17.1,3.29,38.1,3.26,616.2,616.2,616.2,Urban High Density,0.77,9.7,0.64,4,0.4,66.4
VJA,VJA_0646,Ajit Singh Nagar (Budameru Basin),16.54675,80.63285,16.1,2.15,42.0,3.23,658.1,658.1,658.1,Urban High Density,0.87,11.07,0.71,5,0.5,80.5
VJA,VJA_0647,Ajit Singh Nagar (Budameru Basin),16.54675,80.63755,15.4,2.64,44.0,3.05,994.2,994.2,994.2,Urban High Density,0.92,15.68,0.82,4,0.4,72.4
VJA,VJA_0648,Ajit Singh Nagar (Budameru Basin),16.54675,80.64225,15.8,1.24,42.0,2.81,1430.3,1430.3,1430.3,Urban Medium Density,0.64,7.27,0.54,5,0.5,68.7
VJA,VJA_0649,Payakapuram / Nunna,16.54675,80.64695,15.5,1.23,43.2,2.82,1404.6,1404.6,1404.6,Urban Medium Density,0.65,7.94,0.43,4,0.4,77.2
VJA,VJA_0650,Payakapuram / Nunna,16.54675,80.65165,17.2,0.32,37.0,3.09,911.1,911.1,911.1,Urban Medium Density,0.48,6.47,0.5,4,0.4,83.8
VJA,VJA_0651,Payakapuram / Nunna,16.54675,80.65635,16.1,1.77,43.0,3.36,435.0,435.0,435.0,Urban Medium Density,0.61,7.14,0.58,4,0.4,77.8
VJA,VJA_0652,Payakapuram / Nunna,16.54675,80.66105,17.5,0.61,39.5,3.48,224.5,224.5,224.5,Urban Medium Density,0.67,7.85,0.5,5,0.5,67.9
VJA,VJA_0653,Payakapuram / Nunna,16.54675,80.66575,18.0,0.97,34.4,3.24,643.0,643.0,643.0,Urban Medium Density,0.57,6.97,0.4,3,0.3,66.3
VJA,VJA_0654,Gunadala,16.54675,80.67045,21.5,1.82,19.5,2.97,1130.7,1130.7,1130.7,Urban Medium Density,0.65,7.5,0.51,5,0.5,84.6
VJA,VJA_0655,Gunadala,16.54675,80.67515,19.1,2.11,28.6,2.7,1626.5,1626.5,1626.5,Urban Medium Density,0.55,6.38,0.58,3,0.3,76.5
VJA,VJA_0656,Gunadala,16.54675,80.67985,20.6,0.65,22.4,2.42,2124.8,2124.8,2124.8,Urban Medium Density,0.67,6.21,0.48,1,0.1,39.3
VJA,VJA_0657,Gunadala,16.54675,80.68455,21.6,2.5,18.6,2.68,1658.3,1658.3,1658.3,Urban Medium Density,0.62,6.27,0.4,4,0.4,68.2
VJA,VJA_0658,Gunadala,16.54675,80.68925,19.5,0.58,27.4,2.95,1162.3,1162.3,1162.3,Urban Medium Density,0.54,8.17,0.53,4,0.4,77.4
VJA,VJA_0659,Gunadala,16.54675,80.69395,22.7,3.13,15.5,3.23,673.6,673.6,673.6,Urban Medium Density,0.64,7.62,0.43,4,0.4,67.8
VJA,VJA_0660,Gunadala,16.54675,80.69865,21.1,0.81,24.9,3.47,242.0,242.0,242.0,Urban Medium Density,0.61,8.72,0.46,4,0.4,74.9
VJA,VJA_0661,Bhavanipuram,16.55125,80.56235,21.5,8.97,18.9,2.56,1879.3,1879.3,1879.3,Urban Medium Density,0.69,8.13,0.51,0,0.0,0.0
VJA,VJA_0662,Bhavanipuram,16.55125,80.56705,21.3,5.3,19.7,2.48,2008.4,2008.4,2008.4,Urban Medium Density,0.5,6.62,0.5,0,0.0,0.0
VJA,VJA_0663,Bhavanipuram,16.55125,80.57175,22.7,4.49,14.0,2.35,2244.4,2244.4,2244.4,Urban Medium Density,0.48,8.66,0.55,0,0.0,0.0
VJA,VJA_0664,Bhavanipuram,16.55125,80.57645,24.6,8.02,6.3,2.18,2557.9,2557.9,2557.9,Urban Medium Density,0.6,8.89,0.4,0,0.0,0.0
VJA,VJA_0665,Bhavanipuram,16.55125,80.58115,24.8,8.32,5.6,2.36,2232.3,2232.3,2232.3,Urban Medium Density,0.55,5.73,0.36,0,0.0,0.0
VJA,VJA_0666,Bhavanipuram,16.55125,80.58585,21.8,8.17,17.7,2.6,1794.8,1794.8,1794.8,Urban Medium Density,0.68,5.44,0.35,0,0.0,0.0
VJA,VJA_0667,Bhavanipuram,16.55125,80.59055,21.6,2.68,18.8,2.82,1400.4,1400.4,1400.4,Urban Medium Density,0.63,6.45,0.49,0,0.0,0.0
VJA,VJA_0668,Bhavanipuram,16.55125,80.59525,23.5,3.21,11.5,2.99,1096.8,1096.8,1096.8,Urban Medium Density,0.51,5.87,0.37,0,0.0,0.0
VJA,VJA_0669,Ajit Singh Nagar (Budameru Basin),16.55125,80.59995,14.6,2.15,47.3,3.06,973.0,973.0,973.0,Urban Medium Density,0.59,5.99,0.51,5,0.5,79.4
VJA,VJA_0670,Ajit Singh Nagar (Budameru Basin),16.55125,80.60465,15.0,1.85,45.5,2.99,1091.9,1091.9,1091.9,Urban Medium Density,0.53,5.55,0.5,5,0.5,82.3
VJA,VJA_0671,Ajit Singh Nagar (Budameru Basin),16.55125,80.60935,17.2,1.49,36.4,2.83,1392.8,1392.8,1392.8,Urban Medium Density,0.48,5.8,0.51,5,0.5,73.2
VJA,VJA_0672,Ajit Singh Nagar (Budameru Basin),16.55125,80.61405,17.0,1.18,37.0,2.65,1702.1,1702.1,1702.1,Urban Medium Density,0.52,7.27,0.43,5,0.5,79.5
VJA,VJA_0673,Ajit Singh Nagar (Budameru Basin),16.55125,80.61875,15.0,3.23,45.4,2.93,1202.0,1202.0,1202.0,Urban Medium Density,0.61,6.28,0.4,4,0.4,76.0
VJA,VJA_0674,Ajit Singh Nagar (Budameru Basin),16.55125,80.62345,14.9,1.14,46.6,3.21,703.1,703.1,703.1,Urban Medium Density,0.69,5.62,0.6,5,0.5,76.5
VJA,VJA_0675,Ajit Singh Nagar (Budameru Basin),16.55125,80.62815,16.0,1.72,45.7,3.48,214.1,214.1,214.1,Urban Medium Density,0.5,8.38,0.42,4,0.4,69.1
VJA,VJA_0676,Ajit Singh Nagar (Budameru Basin),16.55125,80.63285,17.6,2.52,37.9,3.42,315.0,315.0,315.0,Urban Medium Density,0.54,8.68,0.51,4,0.4,73.2
VJA,VJA_0677,Payakapuram / Nunna,16.55125,80.63755,17.8,1.82,34.8,3.15,809.0,809.0,809.0,Urban Medium Density,0.57,6.81,0.44,4,0.4,80.2
VJA,VJA_0678,Payakapuram / Nunna,16.55125,80.64225,18.4,2.94,31.7,2.87,1308.4,1308.4,1308.4,Urban Medium Density,0.58,7.5,0.6,5,0.5,88.5
VJA,VJA_0679,Payakapuram / Nunna,16.55125,80.64695,16.2,2.41,40.3,2.74,1554.9,1554.9,1554.9,Urban Medium Density,0.49,6.36,0.35,4,0.4,93.1
VJA,VJA_0680,Payakapuram / Nunna,16.55125,80.65165,17.9,1.98,33.9,2.97,1129.2,1129.2,1129.2,Urban Medium Density,0.49,7.31,0.47,5,0.5,88.3
VJA,VJA_0681,Payakapuram / Nunna,16.55125,80.65635,18.1,1.27,33.6,3.16,796.5,796.5,796.5,Urban Medium Density,0.66,8.28,0.37,3,0.3,89.3
VJA,VJA_0682,Payakapuram / Nunna,16.55125,80.66105,15.1,0.73,45.8,3.21,703.9,703.9,703.9,Urban Medium Density,0.58,7.66,0.53,5,0.5,88.9
VJA,VJA_0683,Payakapuram / Nunna,16.55125,80.66575,16.1,3.36,41.4,3.09,926.6,926.6,926.6,Urban Medium Density,0.59,6.81,0.38,4,0.4,86.2
VJA,VJA_0684,Payakapuram / Nunna,16.55125,80.67045,15.8,1.01,42.1,2.87,1312.9,1312.9,1312.9,Urban Medium Density,0.56,5.69,0.52,5,0.5,74.7
VJA,VJA_0685,Payakapuram / Nunna,16.55125,80.67515,17.2,2.41,36.2,2.62,1758.0,1758.0,1758.0,Urban Medium Density,0.58,6.63,0.44,4,0.4,65.6
VJA,VJA_0686,Gunadala,16.55125,80.67985,19.1,0.95,28.4,2.36,2227.0,2227.0,2227.0,Urban Medium Density,0.5,5.38,0.49,1,0.1,37.6
VJA,VJA_0687,Gunadala,16.55125,80.68455,21.7,0.8,18.2,2.61,1787.4,1787.4,1787.4,Urban Medium Density,0.58,7.22,0.55,5,0.5,68.7
VJA,VJA_0688,Gunadala,16.55125,80.68925,22.8,1.1,14.0,2.86,1340.1,1340.1,1340.1,Urban Medium Density,0.57,8.68,0.42,4,0.4,90.1
VJA,VJA_0689,Gunadala,16.55125,80.69395,20.5,1.0,23.7,3.07,948.1,948.1,948.1,Urban Medium Density,0.48,8.03,0.36,5,0.5,66.9
VJA,VJA_0690,Gunadala,16.55125,80.69865,22.5,3.39,16.2,3.21,709.7,709.7,709.7,Urban Medium Density,0.54,5.81,0.53,4,0.4,80.2
VJA,VJA_0691,Bhavanipuram,16.55575,80.56235,19.3,5.07,28.0,2.83,1385.0,1385.0,1385.0,Urban Medium Density,0.49,7.56,0.46,0,0.0,0.0
VJA,VJA_0692,Bhavanipuram,16.55575,80.56705,22.8,7.97,13.9,2.74,1555.6,1555.6,1555.6,Urban Medium Density,0.48,8.68,0.53,0,0.0,0.0
VJA,VJA_0693,Bhavanipuram,16.55575,80.57175,19.9,7.71,25.3,2.57,1850.3,1850.3,1850.3,Urban Medium Density,0.54,8.15,0.46,0,0.0,0.0
VJA,VJA_0694,Bhavanipuram,16.55575,80.57645,19.1,5.62,28.4,2.37,2220.2,2220.2,2220.2,Urban Medium Density,0.61,8.27,0.49,0,0.0,0.0
VJA,VJA_0695,Bhavanipuram,16.55575,80.58115,19.1,7.86,28.4,2.45,2063.9,2063.9,2063.9,Urban Medium Density,0.46,8.76,0.59,0,0.0,0.0
VJA,VJA_0696,Bhavanipuram,16.55575,80.58585,19.1,7.97,28.7,2.72,1580.5,1580.5,1580.5,Urban Medium Density,0.64,8.36,0.45,0,0.0,0.0
VJA,VJA_0697,Bhavanipuram,16.55575,80.59055,22.7,2.53,14.7,2.98,1112.6,1112.6,1112.6,Urban Medium Density,0.55,7.7,0.54,0,0.0,0.0
VJA,VJA_0698,Ajit Singh Nagar (Budameru Basin),16.55575,80.59525,17.8,0.43,35.1,3.22,692.6,692.6,692.6,Urban Medium Density,0.6,8.94,0.44,4,0.4,94.4
VJA,VJA_0699,Ajit Singh Nagar (Budameru Basin),16.55575,80.59995,16.7,1.15,40.3,3.34,472.6,472.6,472.6,Urban Medium Density,0.63,5.53,0.51,3,0.3,82.9
VJA,VJA_0700,Ajit Singh Nagar (Budameru Basin),16.55575,80.60465,15.7,2.76,43.5,3.22,684.8,684.8,684.8,Urban Medium Density,0.62,6.89,0.53,4,0.4,94.8
VJA,VJA_0701,Ajit Singh Nagar (Budameru Basin),16.55575,80.60935,15.8,1.84,42.3,2.99,1102.9,1102.9,1102.9,Urban Medium Density,0.59,5.35,0.52,4,0.4,67.9
VJA,VJA_0702,Ajit Singh Nagar (Budameru Basin),16.55575,80.61405,17.0,2.75,37.1,2.73,1570.3,1570.3,1570.3,Urban Medium Density,0.55,6.69,0.58,4,0.4,83.8
VJA,VJA_0703,Ajit Singh Nagar (Budameru Basin),16.55575,80.61875,16.9,1.67,37.7,2.89,1269.5,1269.5,1269.5,Urban Medium Density,0.52,6.06,0.58,5,0.5,81.4
VJA,VJA_0704,Ajit Singh Nagar (Budameru Basin),16.55575,80.62345,17.0,1.73,38.0,3.15,813.2,813.2,813.2,Urban Medium Density,0.63,8.2,0.6,4,0.4,81.6
VJA,VJA_0705,Ajit Singh Nagar (Budameru Basin),16.55575,80.62815,16.1,3.04,42.8,3.34,461.3,461.3,461.3,Urban Medium Density,0.47,6.25,0.48,5,0.5,93.9
VJA,VJA_0706,Payakapuram / Nunna,16.55575,80.63285,15.8,2.24,43.7,3.31,515.9,515.9,515.9,Urban Medium Density,0.6,6.24,0.38,4,0.4,79.4
VJA,VJA_0707,Payakapuram / Nunna,16.55575,80.63755,17.5,2.59,35.8,3.1,906.3,906.3,906.3,Urban Medium Density,0.62,5.17,0.47,3,0.3,86.9
VJA,VJA_0708,Payakapuram / Nunna,16.55575,80.64225,17.8,2.39,34.0,2.84,1370.6,1370.6,1370.6,Urban Medium Density,0.58,5.49,0.56,5,0.5,68.5
VJA,VJA_0709,Payakapuram / Nunna,16.55575,80.64695,15.5,1.82,42.9,2.58,1834.0,1834.0,1834.0,Urban Medium Density,0.64,5.45,0.44,1,0.1,31.5
VJA,VJA_0710,Payakapuram / Nunna,16.55575,80.65165,16.1,1.87,40.7,2.77,1490.3,1490.3,1490.3,Urban Medium Density,0.62,5.55,0.58,3,0.3,78.3
VJA,VJA_0711,Payakapuram / Nunna,16.55575,80.65635,18.0,1.73,33.3,2.9,1257.1,1257.1,1257.1,Urban Medium Density,0.46,6.83,0.49,4,0.4,76.7
VJA,VJA_0712,Payakapuram / Nunna,16.55575,80.66105,15.3,2.11,44.2,2.93,1200.6,1200.6,1200.6,Urban Medium Density,0.45,7.4,0.56,4,0.4,85.9
VJA,VJA_0713,Payakapuram / Nunna,16.55575,80.66575,18.4,1.89,31.6,2.85,1343.3,1343.3,1343.3,Urban Medium Density,0.56,6.16,0.48,4,0.4,76.2
VJA,VJA_0714,Payakapuram / Nunna,16.55575,80.67045,17.8,2.48,33.8,2.69,1633.9,1633.9,1633.9,Urban Medium Density,0.59,7.24,0.47,4,0.4,71.3
VJA,VJA_0715,Payakapuram / Nunna,16.55575,80.67515,18.0,1.02,32.9,2.48,2009.1,2009.1,2009.1,Urban Medium Density,0.6,5.52,0.59,1,0.1,40.8
VJA,VJA_0716,Payakapuram / Nunna,16.55575,80.67985,18.7,2.77,29.9,2.25,2430.1,2430.1,2430.1,Urban Medium Density,0.7,6.19,0.6,1,0.1,39.4
VJA,VJA_0717,Payakapuram / Nunna,16.55575,80.68455,17.7,0.45,34.0,2.47,2034.9,2034.9,2034.9,Urban Medium Density,0.59,8.87,0.43,1,0.1,57.7
VJA,VJA_0718,Gunadala,16.55575,80.68925,19.3,2.13,27.8,2.68,1655.8,1655.8,1655.8,Urban Medium Density,0.51,5.06,0.4,4,0.4,75.5
VJA,VJA_0719,Gunadala,16.55575,80.69395,19.9,3.45,25.6,2.85,1358.2,1358.2,1358.2,Urban Medium Density,0.53,6.22,0.51,4,0.4,91.8
VJA,VJA_0720,Gunadala,16.55575,80.69865,18.1,1.98,33.0,2.93,1204.0,1204.0,1204.0,Urban Medium Density,0.53,7.91,0.47,3,0.3,90.0
VJA,VJA_0721,Bhavanipuram,16.56025,80.56235,24.4,6.19,8.2,3.1,897.4,897.4,897.4,Urban Medium Density,0.7,7.35,0.51,0,0.0,0.0
VJA,VJA_0722,Bhavanipuram,16.56025,80.56705,22.5,5.6,15.4,2.96,1143.3,1143.3,1143.3,Urban Medium Density,0.54,8.63,0.42,0,0.0,0.0
VJA,VJA_0723,Bhavanipuram,16.56025,80.57175,22.9,6.06,13.5,2.76,1520.2,1520.2,1520.2,Urban Medium Density,0.52,5.96,0.51,0,0.0,0.0
VJA,VJA_0724,Bhavanipuram,16.56025,80.57645,23.0,3.97,12.9,2.51,1953.6,1953.6,1953.6,Urban Medium Density,0.6,8.87,0.49,0,0.0,0.0
VJA,VJA_0725,Bhavanipuram,16.56025,80.58115,23.8,2.75,9.7,2.48,2009.3,2009.3,2009.3,Urban Medium Density,0.55,8.85,0.55,0,0.0,0.0
VJA,VJA_0726,Bhavanipuram,16.56025,80.58585,19.3,4.02,27.9,2.76,1508.4,1508.4,1508.4,Urban Medium Density,0.48,5.98,0.52,0,0.0,0.0
VJA,VJA_0727,Bhavanipuram,16.56025,80.59055,21.1,3.32,21.2,3.04,1007.6,1007.6,1007.6,Urban Medium Density,0.61,6.61,0.41,0,0.0,0.0
VJA,VJA_0728,Ajit Singh Nagar (Budameru Basin),16.56025,80.59525,16.8,3.29,39.8,3.32,507.0,507.0,507.0,Urban Medium Density,0.59,7.98,0.56,4,0.4,77.8
VJA,VJA_0729,Ajit Singh Nagar (Budameru Basin),16.56025,80.59995,15.7,3.46,55.2,3.58,28.3,28.3,28.3,Urban Medium Density,0.62,7.29,0.49,5,0.5,76.3
VJA,VJA_0730,Ajit Singh Nagar (Budameru Basin),16.56025,80.60465,16.0,2.12,43.0,3.32,496.4,496.4,496.4,Urban Medium Density,0.67,8.96,0.53,5,0.5,85.7
VJA,VJA_0731,Ajit Singh Nagar (Budameru Basin),16.56025,80.60935,17.1,2.93,37.2,3.05,996.9,996.9,996.9,Urban Medium Density,0.58,7.58,0.5,3,0.3,66.1
VJA,VJA_0732,Ajit Singh Nagar (Budameru Basin),16.56025,80.61405,15.5,0.65,43.1,2.77,1497.7,1497.7,1497.7,Urban Medium Density,0.63,8.72,0.59,4,0.4,66.1
VJA,VJA_0733,Ajit Singh Nagar (Budameru Basin),16.56025,80.61875,16.2,0.33,40.3,2.76,1509.7,1509.7,1509.7,Urban Medium Density,0.47,6.46,0.52,4,0.4,69.7
VJA,VJA_0734,Payakapuram / Nunna,16.56025,80.62345,15.2,2.78,44.6,2.96,1152.8,1152.8,1152.8,Urban Medium Density,0.58,7.39,0.56,4,0.4,70.9
VJA,VJA_0735,Payakapuram / Nunna,16.56025,80.62815,16.0,2.39,41.7,3.08,938.3,938.3,938.3,Urban Medium Density,0.51,7.4,0.45,5,0.5,80.0
VJA,VJA_0736,Payakapuram / Nunna,16.56025,80.63285,18.2,1.13,32.9,3.06,966.3,966.3,966.3,Urban Medium Density,0.68,6.63,0.48,5,0.5,84.5
VJA,VJA_0737,Payakapuram / Nunna,16.56025,80.63755,15.5,2.72,43.4,2.92,1220.3,1220.3,1220.3,Urban Medium Density,0.59,5.51,0.35,4,0.4,87.9
VJA,VJA_0738,Payakapuram / Nunna,16.56025,80.64225,16.0,2.52,41.1,2.71,1595.7,1595.7,1595.7,Urban Medium Density,0.5,5.17,0.47,5,0.5,70.3
VJA,VJA_0739,Payakapuram / Nunna,16.56025,80.64695,18.2,2.24,32.0,2.47,2026.2,2026.2,2026.2,Urban Medium Density,0.58,8.61,0.53,1,0.1,46.0
VJA,VJA_0740,Payakapuram / Nunna,16.56025,80.65165,16.8,1.71,37.7,2.54,1915.1,1915.1,1915.1,Urban Medium Density,0.54,6.97,0.51,1,0.1,53.5
VJA,VJA_0741,Payakapuram / Nunna,16.56025,80.65635,18.2,2.05,32.2,2.63,1739.8,1739.8,1739.8,Urban Medium Density,0.68,8.08,0.52,5,0.5,92.0
VJA,VJA_0742,Payakapuram / Nunna,16.56025,80.66105,18.8,0.53,29.8,2.66,1699.4,1699.4,1699.4,Urban Medium Density,0.66,7.64,0.43,3,0.3,73.9
VJA,VJA_0743,Payakapuram / Nunna,16.56025,80.66575,18.2,1.54,32.1,2.6,1803.1,1803.1,1803.1,Urban Medium Density,0.69,8.47,0.39,1,0.1,30.1
VJA,VJA_0744,Payakapuram / Nunna,16.56025,80.67045,16.7,3.42,38.0,2.47,2028.8,2028.8,2028.8,Urban Medium Density,0.46,6.75,0.45,1,0.1,32.9
VJA,VJA_0745,Payakapuram / Nunna,16.56025,80.67515,15.8,3.42,41.5,2.3,2341.6,2341.6,2341.6,Urban Medium Density,0.68,8.15,0.4,2,0.2,36.7
VJA,VJA_0746,Payakapuram / Nunna,16.56025,80.67985,16.7,2.16,37.8,2.09,2711.4,2711.4,2711.4,Urban Medium Density,0.55,5.42,0.41,2,0.2,58.1
VJA,VJA_0747,Payakapuram / Nunna,16.56025,80.68455,17.5,0.69,34.7,2.29,2363.8,2363.8,2363.8,Urban Medium Density,0.59,7.13,0.53,2,0.2,42.3
VJA,VJA_0748,Payakapuram / Nunna,16.56025,80.68925,15.4,0.92,43.2,2.46,2046.5,2046.5,2046.5,Urban Medium Density,0.66,5.52,0.49,1,0.1,47.3
VJA,VJA_0749,Payakapuram / Nunna,16.56025,80.69395,18.7,2.99,30.1,2.59,1814.2,1814.2,1814.2,Urban Medium Density,0.55,8.94,0.42,1,0.1,54.3
VJA,VJA_0750,Gunadala,16.56025,80.69865,20.5,2.07,23.0,2.65,1701.8,1701.8,1701.8,Peri-Urban / Open Land,0.28,4.41,0.3,4,0.4,94.2
VJA,VJA_0751,Bhavanipuram,16.56475,80.56235,20.1,8.66,26.9,3.36,439.7,439.7,439.7,Peri-Urban / Open Land,0.34,3.82,0.24,0,0.0,0.0
VJA,VJA_0752,Bhavanipuram,16.56475,80.56705,22.1,2.82,17.5,3.14,833.8,833.8,833.8,Urban Medium Density,0.48,7.0,0.46,0,0.0,0.0
VJA,VJA_0753,Bhavanipuram,16.56475,80.57175,22.3,2.55,16.1,2.88,1303.4,1303.4,1303.4,Urban Medium Density,0.7,8.63,0.53,0,0.0,0.0
VJA,VJA_0754,Bhavanipuram,16.56475,80.57645,19.5,7.97,27.0,2.61,1790.1,1790.1,1790.1,Urban Medium Density,0.65,7.85,0.51,0,0.0,0.0
VJA,VJA_0755,Bhavanipuram,16.56475,80.58115,19.7,6.28,26.0,2.45,2077.3,2077.3,2077.3,Urban Medium Density,0.53,7.44,0.51,0,0.0,0.0
VJA,VJA_0756,Bhavanipuram,16.56475,80.58585,22.3,2.62,15.9,2.71,1597.9,1597.9,1597.9,Urban Medium Density,0.55,6.51,0.56,0,0.0,0.0
VJA,VJA_0757,Ajit Singh Nagar (Budameru Basin),16.56475,80.59055,14.6,3.06,47.1,2.97,1137.3,1137.3,1137.3,Urban Medium Density,0.5,8.99,0.49,5,0.5,79.8
VJA,VJA_0758,Ajit Singh Nagar (Budameru Basin),16.56475,80.59525,15.3,1.46,45.0,3.19,731.6,731.6,731.6,Urban Medium Density,0.56,8.35,0.49,4,0.4,79.1
VJA,VJA_0759,Ajit Singh Nagar (Budameru Basin),16.56475,80.59995,15.8,0.43,43.7,3.31,528.2,528.2,528.2,Urban Medium Density,0.64,7.03,0.45,4,0.4,66.9
VJA,VJA_0760,Ajit Singh Nagar (Budameru Basin),16.56475,80.60465,14.7,0.51,47.4,3.2,724.3,724.3,724.3,Urban Medium Density,0.54,6.58,0.37,5,0.5,83.3
VJA,VJA_0761,Ajit Singh Nagar (Budameru Basin),16.56475,80.60935,15.5,1.23,43.5,2.97,1127.9,1127.9,1127.9,Urban Medium Density,0.69,8.73,0.57,5,0.5,91.9
VJA,VJA_0762,Ajit Singh Nagar (Budameru Basin),16.56475,80.61405,16.3,3.22,39.9,2.72,1587.9,1587.9,1587.9,Urban Medium Density,0.63,5.93,0.57,4,0.4,94.7
VJA,VJA_0763,Payakapuram / Nunna,16.56475,80.61875,16.2,0.43,40.1,2.57,1856.8,1856.8,1856.8,Urban Medium Density,0.69,5.48,0.4,2,0.2,47.5
VJA,VJA_0764,Payakapuram / Nunna,16.56475,80.62345,18.5,0.98,31.1,2.72,1580.3,1580.3,1580.3,Urban Medium Density,0.53,6.12,0.46,4,0.4,68.4
VJA,VJA_0765,Payakapuram / Nunna,16.56475,80.62815,18.3,3.1,32.0,2.8,1431.4,1431.4,1431.4,Urban Medium Density,0.65,8.43,0.52,5,0.5,91.7
VJA,VJA_0766,Payakapuram / Nunna,16.56475,80.63285,16.0,1.62,41.2,2.79,1449.9,1449.9,1449.9,Urban Medium Density,0.46,8.61,0.47,5,0.5,87.9
VJA,VJA_0767,Payakapuram / Nunna,16.56475,80.63755,17.4,2.36,35.4,2.69,1630.2,1630.2,1630.2,Urban Medium Density,0.55,8.24,0.46,5,0.5,90.8
VJA,VJA_0768,Payakapuram / Nunna,16.56475,80.64225,17.7,0.42,34.1,2.53,1927.4,1927.4,1927.4,Urban Medium Density,0.47,7.67,0.49,2,0.2,56.3
VJA,VJA_0769,Payakapuram / Nunna,16.56475,80.64695,16.4,3.16,39.2,2.32,2296.5,2296.5,2296.5,Urban Medium Density,0.66,8.22,0.57,2,0.2,47.1
VJA,VJA_0770,Payakapuram / Nunna,16.56475,80.65165,17.3,0.33,35.5,2.28,2369.6,2369.6,2369.6,Urban Medium Density,0.59,7.19,0.53,2,0.2,50.1
VJA,VJA_0771,Payakapuram / Nunna,16.56475,80.65635,17.4,2.86,35.2,2.36,2230.3,2230.3,2230.3,Urban Medium Density,0.58,8.44,0.38,2,0.2,38.0
VJA,VJA_0772,Payakapuram / Nunna,16.56475,80.66105,18.0,1.73,32.8,2.38,2198.9,2198.9,2198.9,Urban Medium Density,0.52,5.09,0.42,1,0.1,51.9
VJA,VJA_0773,Payakapuram / Nunna,16.56475,80.66575,16.9,0.42,37.2,2.33,2280.0,2280.0,2280.0,Urban Medium Density,0.5,5.42,0.51,1,0.1,33.4
VJA,VJA_0774,Payakapuram / Nunna,16.56475,80.67045,16.1,2.75,40.3,2.23,2462.4,2462.4,2462.4,Urban Medium Density,0.51,8.94,0.5,1,0.1,45.1
VJA,VJA_0775,Payakapuram / Nunna,16.56475,80.67515,15.8,1.59,41.4,2.09,2725.9,2725.9,2725.9,Urban Medium Density,0.7,5.73,0.58,2,0.2,36.8
VJA,VJA_0776,Payakapuram / Nunna,16.56475,80.67985,18.7,2.42,29.8,1.91,3049.4,3049.4,3049.4,Urban Medium Density,0.46,5.78,0.45,2,0.2,52.3
VJA,VJA_0777,Payakapuram / Nunna,16.56475,80.68455,17.3,1.96,35.4,2.08,2744.9,2744.9,2744.9,Urban Medium Density,0.58,6.28,0.52,1,0.1,53.6
VJA,VJA_0778,Payakapuram / Nunna,16.56475,80.68925,17.9,0.86,33.1,2.22,2477.0,2477.0,2477.0,Urban Medium Density,0.6,7.24,0.46,2,0.2,50.6
VJA,VJA_0779,Payakapuram / Nunna,16.56475,80.69395,16.5,1.94,38.8,2.33,2288.8,2288.8,2288.8,Peri-Urban / Open Land,0.29,3.91,0.31,2,0.2,60.0
VJA,VJA_0780,Payakapuram / Nunna,16.56475,80.69865,15.1,0.84,44.4,2.38,2200.8,2200.8,2200.8,Peri-Urban / Open Land,0.4,3.23,0.29,2,0.2,55.7
VJA,VJA_0781,Bhavanipuram,16.56925,80.56235,24.8,4.37,9.5,3.44,286.4,286.4,286.4,Peri-Urban / Open Land,0.4,2.94,0.16,0,0.0,0.0
VJA,VJA_0782,Bhavanipuram,16.56925,80.56705,20.7,8.54,23.3,3.18,764.1,764.1,764.1,Peri-Urban / Open Land,0.3,4.12,0.22,0,0.0,0.0
VJA,VJA_0783,Bhavanipuram,16.56925,80.57175,21.7,7.94,18.5,2.9,1260.0,1260.0,1260.0,Urban Medium Density,0.66,5.07,0.48,0,0.0,0.0
VJA,VJA_0784,Bhavanipuram,16.56925,80.57645,19.2,4.25,28.2,2.62,1758.7,1758.7,1758.7,Urban Medium Density,0.51,6.95,0.56,0,0.0,0.0
VJA,VJA_0785,Bhavanipuram,16.56925,80.58115,21.5,6.72,18.8,2.35,2257.0,2257.0,2257.0,Urban Medium Density,0.46,8.39,0.46,0,0.0,0.0
VJA,VJA_0786,Bhavanipuram,16.56925,80.58585,22.9,5.21,13.3,2.59,1825.5,1825.5,1825.5,Urban Medium Density,0.46,7.9,0.55,0,0.0,0.0
VJA,VJA_0787,Ajit Singh Nagar (Budameru Basin),16.56925,80.59055,14.6,2.92,46.8,2.8,1439.6,1439.6,1439.6,Urban Medium Density,0.57,6.66,0.47,4,0.4,90.2
VJA,VJA_0788,Ajit Singh Nagar (Budameru Basin),16.56925,80.59525,15.9,1.29,41.8,2.96,1146.4,1146.4,1146.4,Urban Medium Density,0.66,7.16,0.6,4,0.4,86.7
VJA,VJA_0789,Ajit Singh Nagar (Budameru Basin),16.56925,80.59995,16.5,3.19,39.6,3.03,1028.6,1028.6,1028.6,Urban Medium Density,0.57,8.56,0.48,4,0.4,94.6
VJA,VJA_0790,Ajit Singh Nagar (Budameru Basin),16.56925,80.60465,17.3,3.02,36.2,2.97,1141.7,1141.7,1141.7,Urban Medium Density,0.65,6.56,0.52,4,0.4,93.2
VJA,VJA_0791,Ajit Singh Nagar (Budameru Basin),16.56925,80.60935,15.0,0.87,45.2,2.8,1432.1,1432.1,1432.1,Urban Medium Density,0.53,5.74,0.36,3,0.3,85.7
VJA,VJA_0792,Payakapuram / Nunna,16.56925,80.61405,15.7,2.3,42.1,2.59,1816.7,1816.7,1816.7,Urban Medium Density,0.55,6.25,0.44,1,0.1,58.6
VJA,VJA_0793,Payakapuram / Nunna,16.56925,80.61875,15.4,2.58,43.2,2.35,2247.5,2247.5,2247.5,Urban Medium Density,0.67,6.15,0.51,1,0.1,43.6
VJA,VJA_0794,Payakapuram / Nunna,16.56925,80.62345,18.5,0.36,30.8,2.47,2041.2,2041.2,2041.2,Urban Medium Density,0.54,7.5,0.41,2,0.2,49.4
VJA,VJA_0795,Payakapuram / Nunna,16.56925,80.62815,18.3,1.4,31.7,2.53,1928.2,1928.2,1928.2,Urban Medium Density,0.52,6.69,0.54,2,0.2,55.8
VJA,VJA_0796,Payakapuram / Nunna,16.56925,80.63285,17.2,0.58,36.1,2.52,1942.0,1942.0,1942.0,Urban Medium Density,0.56,8.58,0.45,1,0.1,45.9
VJA,VJA_0797,Payakapuram / Nunna,16.56925,80.63755,16.1,1.16,40.4,2.44,2080.1,2080.1,2080.1,Urban Medium Density,0.54,6.31,0.37,2,0.2,51.6
VJA,VJA_0798,Payakapuram / Nunna,16.56925,80.64225,17.0,3.16,36.7,2.31,2320.3,2320.3,2320.3,Urban Medium Density,0.63,8.44,0.57,1,0.1,30.2
VJA,VJA_0799,Payakapuram / Nunna,16.56925,80.64695,16.1,2.95,40.3,2.14,2634.9,2634.9,2634.9,Urban Medium Density,0.53,8.83,0.54,1,0.1,51.9
VJA,VJA_0800,Payakapuram / Nunna,16.56925,80.65165,17.8,0.71,33.4,2.02,2839.6,2839.6,2839.6,Urban Medium Density,0.69,6.14,0.4,2,0.2,34.7
VJA,VJA_0801,Payakapuram / Nunna,16.56925,80.65635,18.0,2.5,32.6,2.09,2724.4,2724.4,2724.4,Urban Medium Density,0.55,7.9,0.44,1,0.1,44.3
VJA,VJA_0802,Payakapuram / Nunna,16.56925,80.66105,18.5,3.01,30.6,2.1,2698.8,2698.8,2698.8,Urban Medium Density,0.57,5.44,0.47,1,0.1,34.6
VJA,VJA_0803,Payakapuram / Nunna,16.56925,80.66575,18.1,0.91,32.2,2.06,2765.2,2765.2,2765.2,Urban Medium Density,0.5,7.3,0.46,1,0.1,58.3
VJA,VJA_0804,Payakapuram / Nunna,16.56925,80.67045,15.9,3.11,41.0,1.98,2917.5,2917.5,2917.5,Urban Medium Density,0.55,5.9,0.49,2,0.2,46.1
VJA,VJA_0805,Payakapuram / Nunna,16.56925,80.67515,18.3,0.35,31.4,1.85,3143.0,3143.0,3143.0,Urban Medium Density,0.58,7.83,0.44,2,0.2,31.6
VJA,VJA_0806,Payakapuram / Nunna,16.56925,80.67985,18.0,1.46,32.5,1.7,3427.4,3427.4,3427.4,Urban Medium Density,0.67,5.32,0.58,1,0.1,58.2
VJA,VJA_0807,Payakapuram / Nunna,16.56925,80.68455,16.9,1.98,37.0,1.84,3159.5,3159.5,3159.5,Urban Medium Density,0.59,8.59,0.41,1,0.1,36.4
VJA,VJA_0808,Payakapuram / Nunna,16.56925,80.68925,18.3,0.33,31.4,1.97,2929.8,2929.8,2929.8,Peri-Urban / Open Land,0.35,4.4,0.32,2,0.2,50.3
VJA,VJA_0809,Payakapuram / Nunna,16.56925,80.69395,16.6,1.9,38.2,2.06,2772.5,2772.5,2772.5,Peri-Urban / Open Land,0.37,2.14,0.21,1,0.1,45.1
VJA,VJA_0810,Payakapuram / Nunna,16.56925,80.69865,16.2,2.75,39.8,2.1,2700.3,2700.3,2700.3,Peri-Urban / Open Land,0.45,3.9,0.34,2,0.2,32.3
